grain,event_id,station,case_type,event_start_utc,event_end_utc,period,target_timestamp_utc,hourly_timestamp_utc,sat_observation_time_utc,sat_acquisition_end_utc,sat_age_minutes,sat_cloud_mask_at_station,sat_cloud_mask_class,sat_cloudy_fraction_25km,sat_clear_fraction_25km,sat_valid_pixel_count_25km,sat_observation_available,gId,source_filename,in_phase8b_hourly_universe
scan,VABB_CTL_01_20190924T13,VABB,control,2019-09-10T13:00:00Z,2019-09-11T02:00:00Z,pre_event,2019-09-10T13:00:00Z,,2019-09-10T11:15:00Z,2019-09-10T11:42:04Z,77.933,1.0,Cloudy,1.0,0.0,108.0,1,7645400,3RIMG_10SEP2019_1115_L2B_CMK_V01R00.h5,False
scan,VABB_CTL_01_20190924T13,VABB,control,2019-09-10T13:00:00Z,2019-09-11T02:00:00Z,event,2019-09-10T13:00:00Z,,2019-09-10T14:15:00Z,2019-09-10T14:42:05Z,-102.083,1.0,Cloudy,1.0,0.0,108.0,1,7645746,3RIMG_10SEP2019_1415_L2B_CMK_V01R00.h5,False
scan,VABB_CTL_01_20190924T13,VABB,control,2019-09-10T13:00:00Z,2019-09-11T02:00:00Z,event,2019-09-10T13:00:00Z,,2019-09-10T16:15:00Z,2019-09-10T16:42:05Z,-222.083,1.0,Cloudy,1.0,0.0,108.0,1,7646006,3RIMG_10SEP2019_1615_L2B_CMK_V01R00.h5,False
scan,VABB_CTL_01_20190924T13,VABB,control,2019-09-10T13:00:00Z,2019-09-11T02:00:00Z,event,2019-09-10T13:00:00Z,,2019-09-10T23:15:00Z,2019-09-10T23:42:04Z,-642.067,3.0,Probably_Cloudy,0.8888888888888888,0.1111111111111111,108.0,1,7646289,3RIMG_10SEP2019_2315_L2B_CMK_V01R00.h5,False
scan,VABB_CTL_01_20190924T13,VABB,control,2019-09-10T13:00:00Z,2019-09-11T02:00:00Z,event,2019-09-10T13:00:00Z,,2019-09-11T01:15:00Z,2019-09-11T01:42:04Z,-762.067,3.0,Probably_Cloudy,0.7962962962962963,0.2037037037037037,108.0,1,7646554,3RIMG_11SEP2019_0115_L2B_CMK_V01R00.h5,False
scan,VABB_CTL_01_20190924T13,VABB,control,2019-09-10T13:00:00Z,2019-09-11T02:00:00Z,post_event,2019-09-10T13:00:00Z,,2019-09-11T03:45:00Z,2019-09-11T04:12:04Z,-912.067,1.0,Cloudy,1.0,0.0,108.0,1,7646834,3RIMG_11SEP2019_0345_L2B_CMK_V01R00.h5,False
scan,VABB_CTL_03_20250614T14,VABB,control,2025-05-31T14:00:00Z,2025-06-01T01:00:00Z,pre_event,2025-05-31T14:00:00Z,,2025-05-31T12:15:00Z,2025-05-31T12:42:29Z,77.517,0.0,Clear,0.2222222222222222,0.7777777777777778,108.0,1,15607679,3RIMG_31MAY2025_1215_L2B_CMK_V01R00.h5,True
scan,VABB_CTL_03_20250614T14,VABB,control,2025-05-31T14:00:00Z,2025-06-01T01:00:00Z,event,2025-05-31T14:00:00Z,,2025-05-31T15:15:00Z,2025-05-31T15:42:29Z,-102.483,2.0,Probably_Clear,0.7314814814814815,0.2685185185185185,108.0,1,15608231,3RIMG_31MAY2025_1515_L2B_CMK_V01R00.h5,True
scan,VABB_CTL_03_20250614T14,VABB,control,2025-05-31T14:00:00Z,2025-06-01T01:00:00Z,event,2025-05-31T14:00:00Z,,2025-05-31T17:15:00Z,2025-05-31T17:42:28Z,-222.467,2.0,Probably_Clear,0.7037037037037037,0.2962962962962963,108.0,1,15608589,3RIMG_31MAY2025_1715_L2B_CMK_V01R00.h5,True
scan,VABB_CTL_03_20250614T14,VABB,control,2025-05-31T14:00:00Z,2025-06-01T01:00:00Z,event,2025-05-31T14:00:00Z,,2025-05-31T21:45:00Z,2025-05-31T22:12:28Z,-492.467,3.0,Probably_Cloudy,0.9722222222222222,0.0277777777777777,108.0,1,15609475,3RIMG_31MAY2025_2145_L2B_CMK_V01R00.h5,True
scan,VABB_CTL_03_20250614T14,VABB,control,2025-05-31T14:00:00Z,2025-06-01T01:00:00Z,event,2025-05-31T14:00:00Z,,2025-05-31T23:45:00Z,2025-06-01T00:12:29Z,-612.483,3.0,Probably_Cloudy,0.9444444444444444,0.0555555555555555,108.0,1,15610011,3RIMG_31MAY2025_2345_L2B_CMK_V01R00.h5,True
scan,VABB_CTL_03_20250614T14,VABB,control,2025-05-31T14:00:00Z,2025-06-01T01:00:00Z,post_event,2025-05-31T14:00:00Z,,2025-06-01T02:45:00Z,2025-06-01T03:12:28Z,-792.467,2.0,Probably_Clear,0.6296296296296297,0.3703703703703703,108.0,1,15610591,3RIMG_01JUN2025_0245_L2B_CMK_V01R00.h5,True
hourly_causal,VABB_CTL_03_20250614T14,VABB,control,2025-05-31T14:00:00Z,2025-06-01T01:00:00Z,event,2025-05-31T14:00:00Z,2025-05-31T14:00:00Z,2025-05-31T12:15:00Z,2025-05-31T12:42:29Z,77.51666666666667,0.0,,0.2222222222222222,0.7777777777777778,108.0,1,15607679.0,3RIMG_31MAY2025_1215_L2B_CMK_V01R00.h5,True
hourly_causal,VABB_CTL_03_20250614T14,VABB,control,2025-05-31T14:00:00Z,2025-06-01T01:00:00Z,event,2025-05-31T15:00:00Z,2025-05-31T15:00:00Z,,,,,,,,,0,,,True
hourly_causal,VABB_CTL_03_20250614T14,VABB,control,2025-05-31T14:00:00Z,2025-06-01T01:00:00Z,event,2025-05-31T16:00:00Z,2025-05-31T16:00:00Z,2025-05-31T15:15:00Z,2025-05-31T15:42:29Z,17.516666666666666,2.0,,0.7314814814814815,0.2685185185185185,108.0,1,15608231.0,3RIMG_31MAY2025_1515_L2B_CMK_V01R00.h5,True
hourly_causal,VABB_CTL_03_20250614T14,VABB,control,2025-05-31T14:00:00Z,2025-06-01T01:00:00Z,event,2025-05-31T17:00:00Z,2025-05-31T17:00:00Z,2025-05-31T15:15:00Z,2025-05-31T15:42:29Z,77.51666666666667,2.0,,0.7314814814814815,0.2685185185185185,108.0,1,15608231.0,3RIMG_31MAY2025_1515_L2B_CMK_V01R00.h5,True
hourly_causal,VABB_CTL_03_20250614T14,VABB,control,2025-05-31T14:00:00Z,2025-06-01T01:00:00Z,event,2025-05-31T18:00:00Z,2025-05-31T18:00:00Z,2025-05-31T17:15:00Z,2025-05-31T17:42:28Z,17.533333333333335,2.0,,0.7037037037037037,0.2962962962962963,108.0,1,15608589.0,3RIMG_31MAY2025_1715_L2B_CMK_V01R00.h5,True
hourly_causal,VABB_CTL_03_20250614T14,VABB,control,2025-05-31T14:00:00Z,2025-06-01T01:00:00Z,event,2025-05-31T19:00:00Z,2025-05-31T19:00:00Z,2025-05-31T17:15:00Z,2025-05-31T17:42:28Z,77.53333333333333,2.0,,0.7037037037037037,0.2962962962962963,108.0,1,15608589.0,3RIMG_31MAY2025_1715_L2B_CMK_V01R00.h5,True
hourly_causal,VABB_CTL_03_20250614T14,VABB,control,2025-05-31T14:00:00Z,2025-06-01T01:00:00Z,event,2025-05-31T20:00:00Z,2025-05-31T20:00:00Z,,,,,,,,,0,,,True
hourly_causal,VABB_CTL_03_20250614T14,VABB,control,2025-05-31T14:00:00Z,2025-06-01T01:00:00Z,event,2025-05-31T21:00:00Z,2025-05-31T21:00:00Z,,,,,,,,,0,,,True
hourly_causal,VABB_CTL_03_20250614T14,VABB,control,2025-05-31T14:00:00Z,2025-06-01T01:00:00Z,event,2025-05-31T22:00:00Z,2025-05-31T22:00:00Z,,,,,,,,,0,,,True
hourly_causal,VABB_CTL_03_20250614T14,VABB,control,2025-05-31T14:00:00Z,2025-06-01T01:00:00Z,event,2025-05-31T23:00:00Z,2025-05-31T23:00:00Z,2025-05-31T21:45:00Z,2025-05-31T22:12:28Z,47.53333333333333,3.0,,0.9722222222222222,0.0277777777777777,108.0,1,15609475.0,3RIMG_31MAY2025_2145_L2B_CMK_V01R00.h5,True
hourly_causal,VABB_CTL_03_20250614T14,VABB,control,2025-05-31T14:00:00Z,2025-06-01T01:00:00Z,event,2025-06-01T00:00:00Z,2025-06-01T00:00:00Z,,,,,,,,,0,,,True
hourly_causal,VABB_CTL_03_20250614T14,VABB,control,2025-05-31T14:00:00Z,2025-06-01T01:00:00Z,event,2025-06-01T01:00:00Z,2025-06-01T01:00:00Z,2025-05-31T23:45:00Z,2025-06-01T00:12:29Z,47.516666666666666,3.0,,0.9444444444444444,0.0555555555555555,108.0,1,15610011.0,3RIMG_31MAY2025_2345_L2B_CMK_V01R00.h5,True
scan,VABB_TS_01_20190924T13,VABB,thunderstorm_episode,2019-09-24T13:00:00Z,2019-09-25T02:00:00Z,pre_event,2019-09-24T13:00:00Z,,2019-09-24T11:15:00Z,2019-09-24T11:19:26Z,100.567,1.0,Cloudy,1.0,0.0,108.0,1,7679852,3RIMG_24SEP2019_1115_L2B_CMK_V01R00.h5,False
scan,VABB_TS_01_20190924T13,VABB,thunderstorm_episode,2019-09-24T13:00:00Z,2019-09-25T02:00:00Z,event,2019-09-24T13:00:00Z,,2019-09-24T14:15:00Z,2019-09-24T14:19:26Z,-79.433,1.0,Cloudy,1.0,0.0,108.0,1,7680258,3RIMG_24SEP2019_1415_L2B_CMK_V01R00.h5,False
scan,VABB_TS_01_20190924T13,VABB,thunderstorm_episode,2019-09-24T13:00:00Z,2019-09-25T02:00:00Z,event,2019-09-24T13:00:00Z,,2019-09-24T22:32:00Z,2019-09-24T22:36:48Z,-576.8,1.0,Cloudy,1.0,0.0,108.0,1,7682309,3RIMG_24SEP2019_2232_L2B_CMK_V01R00.h5,False
scan,VABB_TS_01_20190924T13,VABB,thunderstorm_episode,2019-09-24T13:00:00Z,2019-09-25T02:00:00Z,event,2019-09-24T13:00:00Z,,2019-09-25T01:36:00Z,2019-09-25T01:42:15Z,-762.25,1.0,Cloudy,1.0,0.0,108.0,1,7681358,3RIMG_25SEP2019_0136_L2B_CMK_V01R00.h5,False
scan,VABB_TS_01_20190924T13,VABB,thunderstorm_episode,2019-09-24T13:00:00Z,2019-09-25T02:00:00Z,post_event,2019-09-24T13:00:00Z,,2019-09-25T03:58:00Z,2019-09-25T04:02:28Z,-902.467,1.0,Cloudy,1.0,0.0,108.0,1,7682224,3RIMG_25SEP2019_0358_L2B_CMK_V01R00.h5,False
scan,VABB_TS_03_20250614T14,VABB,thunderstorm_episode,2025-06-14T14:00:00Z,2025-06-15T01:00:00Z,pre_event,2025-06-14T14:00:00Z,,2025-06-14T12:15:00Z,2025-06-14T12:42:30Z,77.5,1.0,Cloudy,1.0,0.0,108.0,1,15682305,3RIMG_14JUN2025_1215_L2B_CMK_V01R00.h5,True
scan,VABB_TS_03_20250614T14,VABB,thunderstorm_episode,2025-06-14T14:00:00Z,2025-06-15T01:00:00Z,event,2025-06-14T14:00:00Z,,2025-06-14T15:15:00Z,2025-06-14T15:42:30Z,-102.5,1.0,Cloudy,1.0,0.0,108.0,1,15682909,3RIMG_14JUN2025_1515_L2B_CMK_V01R00.h5,True
scan,VABB_TS_03_20250614T14,VABB,thunderstorm_episode,2025-06-14T14:00:00Z,2025-06-15T01:00:00Z,event,2025-06-14T14:00:00Z,,2025-06-14T18:15:00Z,2025-06-14T18:42:31Z,-282.517,1.0,Cloudy,1.0,0.0,108.0,1,15683541,3RIMG_14JUN2025_1815_L2B_CMK_V01R00.h5,True
scan,VABB_TS_03_20250614T14,VABB,thunderstorm_episode,2025-06-14T14:00:00Z,2025-06-15T01:00:00Z,event,2025-06-14T14:00:00Z,,2025-06-14T21:15:00Z,2025-06-14T21:42:30Z,-462.5,1.0,Cloudy,1.0,0.0,108.0,1,15684365,3RIMG_14JUN2025_2115_L2B_CMK_V01R00.h5,True
scan,VABB_TS_03_20250614T14,VABB,thunderstorm_episode,2025-06-14T14:00:00Z,2025-06-15T01:00:00Z,event,2025-06-14T14:00:00Z,,2025-06-15T00:15:00Z,2025-06-15T00:42:30Z,-642.5,1.0,Cloudy,1.0,0.0,108.0,1,15685171,3RIMG_15JUN2025_0015_L2B_CMK_V01R00.h5,True
scan,VABB_TS_03_20250614T14,VABB,thunderstorm_episode,2025-06-14T14:00:00Z,2025-06-15T01:00:00Z,post_event,2025-06-14T14:00:00Z,,2025-06-15T02:45:00Z,2025-06-15T03:12:29Z,-792.483,1.0,Cloudy,1.0,0.0,108.0,1,15685687,3RIMG_15JUN2025_0245_L2B_CMK_V01R00.h5,True
hourly_causal,VABB_TS_03_20250614T14,VABB,thunderstorm_episode,2025-06-14T14:00:00Z,2025-06-15T01:00:00Z,event,2025-06-14T14:00:00Z,2025-06-14T14:00:00Z,2025-06-14T12:15:00Z,2025-06-14T12:42:30Z,77.5,1.0,,1.0,0.0,108.0,1,15682305.0,3RIMG_14JUN2025_1215_L2B_CMK_V01R00.h5,True
hourly_causal,VABB_TS_03_20250614T14,VABB,thunderstorm_episode,2025-06-14T14:00:00Z,2025-06-15T01:00:00Z,event,2025-06-14T15:00:00Z,2025-06-14T15:00:00Z,,,,,,,,,0,,,True
hourly_causal,VABB_TS_03_20250614T14,VABB,thunderstorm_episode,2025-06-14T14:00:00Z,2025-06-15T01:00:00Z,event,2025-06-14T16:00:00Z,2025-06-14T16:00:00Z,2025-06-14T15:15:00Z,2025-06-14T15:42:30Z,17.5,1.0,,1.0,0.0,108.0,1,15682909.0,3RIMG_14JUN2025_1515_L2B_CMK_V01R00.h5,True
hourly_causal,VABB_TS_03_20250614T14,VABB,thunderstorm_episode,2025-06-14T14:00:00Z,2025-06-15T01:00:00Z,event,2025-06-14T17:00:00Z,2025-06-14T17:00:00Z,2025-06-14T15:15:00Z,2025-06-14T15:42:30Z,77.5,1.0,,1.0,0.0,108.0,1,15682909.0,3RIMG_14JUN2025_1515_L2B_CMK_V01R00.h5,True
hourly_causal,VABB_TS_03_20250614T14,VABB,thunderstorm_episode,2025-06-14T14:00:00Z,2025-06-15T01:00:00Z,event,2025-06-14T18:00:00Z,2025-06-14T18:00:00Z,,,,,,,,,0,,,True
hourly_causal,VABB_TS_03_20250614T14,VABB,thunderstorm_episode,2025-06-14T14:00:00Z,2025-06-15T01:00:00Z,event,2025-06-14T19:00:00Z,2025-06-14T19:00:00Z,2025-06-14T18:15:00Z,2025-06-14T18:42:31Z,17.483333333333334,1.0,,1.0,0.0,108.0,1,15683541.0,3RIMG_14JUN2025_1815_L2B_CMK_V01R00.h5,True
hourly_causal,VABB_TS_03_20250614T14,VABB,thunderstorm_episode,2025-06-14T14:00:00Z,2025-06-15T01:00:00Z,event,2025-06-14T20:00:00Z,2025-06-14T20:00:00Z,2025-06-14T18:15:00Z,2025-06-14T18:42:31Z,77.48333333333333,1.0,,1.0,0.0,108.0,1,15683541.0,3RIMG_14JUN2025_1815_L2B_CMK_V01R00.h5,True
hourly_causal,VABB_TS_03_20250614T14,VABB,thunderstorm_episode,2025-06-14T14:00:00Z,2025-06-15T01:00:00Z,event,2025-06-14T21:00:00Z,2025-06-14T21:00:00Z,,,,,,,,,0,,,True
hourly_causal,VABB_TS_03_20250614T14,VABB,thunderstorm_episode,2025-06-14T14:00:00Z,2025-06-15T01:00:00Z,event,2025-06-14T22:00:00Z,2025-06-14T22:00:00Z,2025-06-14T21:15:00Z,2025-06-14T21:42:30Z,17.5,1.0,,1.0,0.0,108.0,1,15684365.0,3RIMG_14JUN2025_2115_L2B_CMK_V01R00.h5,True
hourly_causal,VABB_TS_03_20250614T14,VABB,thunderstorm_episode,2025-06-14T14:00:00Z,2025-06-15T01:00:00Z,event,2025-06-14T23:00:00Z,2025-06-14T23:00:00Z,2025-06-14T21:15:00Z,2025-06-14T21:42:30Z,77.5,1.0,,1.0,0.0,108.0,1,15684365.0,3RIMG_14JUN2025_2115_L2B_CMK_V01R00.h5,True
hourly_causal,VABB_TS_03_20250614T14,VABB,thunderstorm_episode,2025-06-14T14:00:00Z,2025-06-15T01:00:00Z,event,2025-06-15T00:00:00Z,2025-06-15T00:00:00Z,,,,,,,,,0,,,True
hourly_causal,VABB_TS_03_20250614T14,VABB,thunderstorm_episode,2025-06-14T14:00:00Z,2025-06-15T01:00:00Z,event,2025-06-15T01:00:00Z,2025-06-15T01:00:00Z,2025-06-15T00:15:00Z,2025-06-15T00:42:30Z,17.5,1.0,,1.0,0.0,108.0,1,15685171.0,3RIMG_15JUN2025_0015_L2B_CMK_V01R00.h5,True
scan,VECC_CTL_01_20170619T10,VECC,control,2017-06-05T10:00:00Z,2017-06-06T01:00:00Z,pre_event,2017-06-05T10:00:00Z,,2017-06-05T08:15:00Z,2017-06-05T08:42:08Z,77.867,2.0,Probably_Clear,0.0,1.0,98.0,1,5042102,3RIMG_05JUN2017_0815_L2B_CMK_V01R00.h5,False
scan,VECC_CTL_01_20170619T10,VECC,control,2017-06-05T10:00:00Z,2017-06-06T01:00:00Z,event,2017-06-05T10:00:00Z,,2017-06-05T12:15:00Z,2017-06-05T12:42:08Z,-162.133,1.0,Cloudy,1.0,0.0,98.0,1,5042514,3RIMG_05JUN2017_1215_L2B_CMK_V01R00.h5,False
scan,VECC_CTL_01_20170619T10,VECC,control,2017-06-05T10:00:00Z,2017-06-06T01:00:00Z,event,2017-06-05T10:00:00Z,,2017-06-05T15:15:00Z,2017-06-05T15:42:08Z,-342.133,1.0,Cloudy,1.0,0.0,98.0,1,5042834,3RIMG_05JUN2017_1515_L2B_CMK_V01R00.h5,False
scan,VECC_CTL_01_20170619T10,VECC,control,2017-06-05T10:00:00Z,2017-06-06T01:00:00Z,event,2017-06-05T10:00:00Z,,2017-06-05T19:45:00Z,2017-06-05T20:12:08Z,-612.133,0.0,Clear,0.7959183673469388,0.2040816326530612,98.0,1,5043286,3RIMG_05JUN2017_1945_L2B_CMK_V01R00.h5,False
scan,VECC_CTL_01_20170619T10,VECC,control,2017-06-05T10:00:00Z,2017-06-06T01:00:00Z,event,2017-06-05T10:00:00Z,,2017-06-05T22:45:00Z,2017-06-05T23:12:08Z,-792.133,1.0,Cloudy,1.0,0.0,98.0,1,5043574,3RIMG_05JUN2017_2245_L2B_CMK_V01R00.h5,False
scan,VECC_CTL_01_20170619T10,VECC,control,2017-06-05T10:00:00Z,2017-06-06T01:00:00Z,post_event,2017-06-05T10:00:00Z,,2017-06-06T02:45:00Z,2017-06-06T03:12:09Z,-1032.15,1.0,Cloudy,1.0,0.0,98.0,1,5044268,3RIMG_06JUN2017_0245_L2B_CMK_V01R00.h5,False
scan,VECC_CTL_04_20240506T13,VECC,control,2024-04-22T13:00:00Z,2024-04-23T01:00:00Z,pre_event,2024-04-22T13:00:00Z,,2024-04-22T11:15:00Z,2024-04-22T11:42:29Z,77.517,3.0,Probably_Cloudy,0.6326530612244898,0.3673469387755102,98.0,1,13452103,3RIMG_22APR2024_1115_L2B_CMK_V01R00.h5,True
scan,VECC_CTL_04_20240506T13,VECC,control,2024-04-22T13:00:00Z,2024-04-23T01:00:00Z,event,2024-04-22T13:00:00Z,,2024-04-22T14:45:00Z,2024-04-22T15:12:29Z,-132.483,0.0,Clear,0.4285714285714285,0.5714285714285714,98.0,1,13452631,3RIMG_22APR2024_1445_L2B_CMK_V01R00.h5,True
scan,VECC_CTL_04_20240506T13,VECC,control,2024-04-22T13:00:00Z,2024-04-23T01:00:00Z,event,2024-04-22T13:00:00Z,,2024-04-22T16:45:00Z,2024-04-22T17:12:29Z,-252.483,1.0,Cloudy,0.8061224489795918,0.1938775510204081,98.0,1,13453089,3RIMG_22APR2024_1645_L2B_CMK_V01R00.h5,True
scan,VECC_CTL_04_20240506T13,VECC,control,2024-04-22T13:00:00Z,2024-04-23T01:00:00Z,event,2024-04-22T13:00:00Z,,2024-04-22T23:15:00Z,2024-04-22T23:42:30Z,-642.5,2.0,Probably_Clear,0.2244897959183673,0.7755102040816326,98.0,1,13454345,3RIMG_22APR2024_2315_L2B_CMK_V01R00.h5,True
scan,VECC_CTL_04_20240506T13,VECC,control,2024-04-22T13:00:00Z,2024-04-23T01:00:00Z,post_event,2024-04-22T13:00:00Z,,2024-04-23T01:15:00Z,2024-04-23T01:42:29Z,-762.483,3.0,Probably_Cloudy,0.5510204081632653,0.4489795918367347,98.0,1,13454773,3RIMG_23APR2024_0115_L2B_CMK_V01R00.h5,True
scan,VECC_CTL_04_20240506T13,VECC,control,2024-04-22T13:00:00Z,2024-04-23T01:00:00Z,post_event,2024-04-22T13:00:00Z,,2024-04-23T02:45:00Z,2024-04-23T03:12:29Z,-852.483,2.0,Probably_Clear,0.0816326530612244,0.9183673469387756,98.0,1,13455117,3RIMG_23APR2024_0245_L2B_CMK_V01R00.h5,True
hourly_causal,VECC_CTL_04_20240506T13,VECC,control,2024-04-22T13:00:00Z,2024-04-23T01:00:00Z,event,2024-04-22T13:00:00Z,2024-04-22T13:00:00Z,2024-04-22T11:15:00Z,2024-04-22T11:42:29Z,77.51666666666667,3.0,,0.6326530612244898,0.3673469387755102,98.0,1,13452103.0,3RIMG_22APR2024_1115_L2B_CMK_V01R00.h5,True
hourly_causal,VECC_CTL_04_20240506T13,VECC,control,2024-04-22T13:00:00Z,2024-04-23T01:00:00Z,event,2024-04-22T14:00:00Z,2024-04-22T14:00:00Z,,,,,,,,,0,,,True
hourly_causal,VECC_CTL_04_20240506T13,VECC,control,2024-04-22T13:00:00Z,2024-04-23T01:00:00Z,event,2024-04-22T15:00:00Z,2024-04-22T15:00:00Z,,,,,,,,,0,,,True
hourly_causal,VECC_CTL_04_20240506T13,VECC,control,2024-04-22T13:00:00Z,2024-04-23T01:00:00Z,event,2024-04-22T16:00:00Z,2024-04-22T16:00:00Z,2024-04-22T14:45:00Z,2024-04-22T15:12:29Z,47.516666666666666,0.0,,0.4285714285714285,0.5714285714285714,98.0,1,13452631.0,3RIMG_22APR2024_1445_L2B_CMK_V01R00.h5,True
hourly_causal,VECC_CTL_04_20240506T13,VECC,control,2024-04-22T13:00:00Z,2024-04-23T01:00:00Z,event,2024-04-22T17:00:00Z,2024-04-22T17:00:00Z,,,,,,,,,0,,,True
hourly_causal,VECC_CTL_04_20240506T13,VECC,control,2024-04-22T13:00:00Z,2024-04-23T01:00:00Z,event,2024-04-22T18:00:00Z,2024-04-22T18:00:00Z,2024-04-22T16:45:00Z,2024-04-22T17:12:29Z,47.516666666666666,1.0,,0.8061224489795918,0.1938775510204081,98.0,1,13453089.0,3RIMG_22APR2024_1645_L2B_CMK_V01R00.h5,True
hourly_causal,VECC_CTL_04_20240506T13,VECC,control,2024-04-22T13:00:00Z,2024-04-23T01:00:00Z,event,2024-04-22T19:00:00Z,2024-04-22T19:00:00Z,,,,,,,,,0,,,True
hourly_causal,VECC_CTL_04_20240506T13,VECC,control,2024-04-22T13:00:00Z,2024-04-23T01:00:00Z,event,2024-04-22T20:00:00Z,2024-04-22T20:00:00Z,,,,,,,,,0,,,True
hourly_causal,VECC_CTL_04_20240506T13,VECC,control,2024-04-22T13:00:00Z,2024-04-23T01:00:00Z,event,2024-04-22T21:00:00Z,2024-04-22T21:00:00Z,,,,,,,,,0,,,True
hourly_causal,VECC_CTL_04_20240506T13,VECC,control,2024-04-22T13:00:00Z,2024-04-23T01:00:00Z,event,2024-04-22T22:00:00Z,2024-04-22T22:00:00Z,,,,,,,,,0,,,True
hourly_causal,VECC_CTL_04_20240506T13,VECC,control,2024-04-22T13:00:00Z,2024-04-23T01:00:00Z,event,2024-04-22T23:00:00Z,2024-04-22T23:00:00Z,,,,,,,,,0,,,True
hourly_causal,VECC_CTL_04_20240506T13,VECC,control,2024-04-22T13:00:00Z,2024-04-23T01:00:00Z,event,2024-04-23T00:00:00Z,2024-04-23T00:00:00Z,2024-04-22T23:15:00Z,2024-04-22T23:42:30Z,17.5,2.0,,0.2244897959183673,0.7755102040816326,98.0,1,13454345.0,3RIMG_22APR2024_2315_L2B_CMK_V01R00.h5,True
hourly_causal,VECC_CTL_04_20240506T13,VECC,control,2024-04-22T13:00:00Z,2024-04-23T01:00:00Z,event,2024-04-23T01:00:00Z,2024-04-23T01:00:00Z,2024-04-22T23:15:00Z,2024-04-22T23:42:30Z,77.5,2.0,,0.2244897959183673,0.7755102040816326,98.0,1,13454345.0,3RIMG_22APR2024_2315_L2B_CMK_V01R00.h5,True
scan,VECC_TS_01_20170619T10,VECC,thunderstorm_episode,2017-06-19T10:00:00Z,2017-06-20T01:00:00Z,pre_event,2017-06-19T10:00:00Z,,2017-06-19T08:15:00Z,2017-06-19T08:41:58Z,78.033,1.0,Cloudy,1.0,0.0,98.0,1,5088143,3RIMG_19JUN2017_0815_L2B_CMK_V01R00.h5,False
scan,VECC_TS_01_20170619T10,VECC,thunderstorm_episode,2017-06-19T10:00:00Z,2017-06-20T01:00:00Z,event,2017-06-19T10:00:00Z,,2017-06-19T12:15:00Z,2017-06-19T12:41:58Z,-161.967,1.0,Cloudy,1.0,0.0,98.0,1,5088907,3RIMG_19JUN2017_1215_L2B_CMK_V01R00.h5,False
scan,VECC_TS_01_20170619T10,VECC,thunderstorm_episode,2017-06-19T10:00:00Z,2017-06-20T01:00:00Z,event,2017-06-19T10:00:00Z,,2017-06-19T16:15:00Z,2017-06-19T16:41:58Z,-401.967,1.0,Cloudy,1.0,0.0,98.0,1,5089707,3RIMG_19JUN2017_1615_L2B_CMK_V01R00.h5,False
scan,VECC_TS_01_20170619T10,VECC,thunderstorm_episode,2017-06-19T10:00:00Z,2017-06-20T01:00:00Z,event,2017-06-19T10:00:00Z,,2017-06-19T19:15:00Z,2017-06-19T19:41:58Z,-581.967,1.0,Cloudy,1.0,0.0,98.0,1,5090272,3RIMG_19JUN2017_1915_L2B_CMK_V01R00.h5,False
scan,VECC_TS_01_20170619T10,VECC,thunderstorm_episode,2017-06-19T10:00:00Z,2017-06-20T01:00:00Z,event,2017-06-19T10:00:00Z,,2017-06-19T23:15:00Z,2017-06-19T23:41:58Z,-821.967,1.0,Cloudy,1.0,0.0,98.0,1,5091007,3RIMG_19JUN2017_2315_L2B_CMK_V01R00.h5,False
scan,VECC_TS_01_20170619T10,VECC,thunderstorm_episode,2017-06-19T10:00:00Z,2017-06-20T01:00:00Z,post_event,2017-06-19T10:00:00Z,,2017-06-20T02:45:00Z,2017-06-20T03:11:59Z,-1031.983,1.0,Cloudy,1.0,0.0,98.0,1,5091595,3RIMG_20JUN2017_0245_L2B_CMK_V01R00.h5,False
scan,VECC_TS_04_20240506T13,VECC,thunderstorm_episode,2024-05-06T13:00:00Z,2024-05-07T01:00:00Z,pre_event,2024-05-06T13:00:00Z,,2024-05-06T11:15:00Z,2024-05-06T11:42:29Z,77.517,3.0,Probably_Cloudy,1.0,0.0,98.0,1,13522375,3RIMG_06MAY2024_1115_L2B_CMK_V01R00.h5,True
scan,VECC_TS_04_20240506T13,VECC,thunderstorm_episode,2024-05-06T13:00:00Z,2024-05-07T01:00:00Z,event,2024-05-06T13:00:00Z,,2024-05-06T13:15:00Z,2024-05-06T13:42:30Z,-42.5,1.0,Cloudy,1.0,0.0,98.0,1,13522685,3RIMG_06MAY2024_1315_L2B_CMK_V01R00.h5,True
scan,VECC_TS_04_20240506T13,VECC,thunderstorm_episode,2024-05-06T13:00:00Z,2024-05-07T01:00:00Z,event,2024-05-06T13:00:00Z,,2024-05-06T16:15:00Z,2024-05-06T16:42:30Z,-222.5,1.0,Cloudy,1.0,0.0,98.0,1,13522893,3RIMG_06MAY2024_1615_L2B_CMK_V01R00.h5,True
scan,VECC_TS_04_20240506T13,VECC,thunderstorm_episode,2024-05-06T13:00:00Z,2024-05-07T01:00:00Z,event,2024-05-06T13:00:00Z,,2024-05-06T23:15:00Z,2024-05-06T23:42:30Z,-642.5,1.0,Cloudy,1.0,0.0,98.0,1,13523613,3RIMG_06MAY2024_2315_L2B_CMK_V01R00.h5,True
scan,VECC_TS_04_20240506T13,VECC,thunderstorm_episode,2024-05-06T13:00:00Z,2024-05-07T01:00:00Z,post_event,2024-05-06T13:00:00Z,,2024-05-07T01:15:00Z,2024-05-07T01:42:29Z,-762.483,1.0,Cloudy,1.0,0.0,98.0,1,13523803,3RIMG_07MAY2024_0115_L2B_CMK_V01R00.h5,True
scan,VECC_TS_04_20240506T13,VECC,thunderstorm_episode,2024-05-06T13:00:00Z,2024-05-07T01:00:00Z,post_event,2024-05-06T13:00:00Z,,2024-05-07T02:45:00Z,2024-05-07T03:12:29Z,-852.483,3.0,Probably_Cloudy,1.0,0.0,98.0,1,13524145,3RIMG_07MAY2024_0245_L2B_CMK_V01R00.h5,True
hourly_causal,VECC_TS_04_20240506T13,VECC,thunderstorm_episode,2024-05-06T13:00:00Z,2024-05-07T01:00:00Z,event,2024-05-06T13:00:00Z,2024-05-06T13:00:00Z,2024-05-06T11:15:00Z,2024-05-06T11:42:29Z,77.51666666666667,3.0,,1.0,0.0,98.0,1,13522375.0,3RIMG_06MAY2024_1115_L2B_CMK_V01R00.h5,True
hourly_causal,VECC_TS_04_20240506T13,VECC,thunderstorm_episode,2024-05-06T13:00:00Z,2024-05-07T01:00:00Z,event,2024-05-06T14:00:00Z,2024-05-06T14:00:00Z,2024-05-06T13:15:00Z,2024-05-06T13:42:30Z,17.5,1.0,,1.0,0.0,98.0,1,13522685.0,3RIMG_06MAY2024_1315_L2B_CMK_V01R00.h5,True
hourly_causal,VECC_TS_04_20240506T13,VECC,thunderstorm_episode,2024-05-06T13:00:00Z,2024-05-07T01:00:00Z,event,2024-05-06T15:00:00Z,2024-05-06T15:00:00Z,2024-05-06T13:15:00Z,2024-05-06T13:42:30Z,77.5,1.0,,1.0,0.0,98.0,1,13522685.0,3RIMG_06MAY2024_1315_L2B_CMK_V01R00.h5,True
hourly_causal,VECC_TS_04_20240506T13,VECC,thunderstorm_episode,2024-05-06T13:00:00Z,2024-05-07T01:00:00Z,event,2024-05-06T16:00:00Z,2024-05-06T16:00:00Z,,,,,,,,,0,,,True
hourly_causal,VECC_TS_04_20240506T13,VECC,thunderstorm_episode,2024-05-06T13:00:00Z,2024-05-07T01:00:00Z,event,2024-05-06T17:00:00Z,2024-05-06T17:00:00Z,2024-05-06T16:15:00Z,2024-05-06T16:42:30Z,17.5,1.0,,1.0,0.0,98.0,1,13522893.0,3RIMG_06MAY2024_1615_L2B_CMK_V01R00.h5,True
hourly_causal,VECC_TS_04_20240506T13,VECC,thunderstorm_episode,2024-05-06T13:00:00Z,2024-05-07T01:00:00Z,event,2024-05-06T18:00:00Z,2024-05-06T18:00:00Z,2024-05-06T16:15:00Z,2024-05-06T16:42:30Z,77.5,1.0,,1.0,0.0,98.0,1,13522893.0,3RIMG_06MAY2024_1615_L2B_CMK_V01R00.h5,True
hourly_causal,VECC_TS_04_20240506T13,VECC,thunderstorm_episode,2024-05-06T13:00:00Z,2024-05-07T01:00:00Z,event,2024-05-06T19:00:00Z,2024-05-06T19:00:00Z,,,,,,,,,0,,,True
hourly_causal,VECC_TS_04_20240506T13,VECC,thunderstorm_episode,2024-05-06T13:00:00Z,2024-05-07T01:00:00Z,event,2024-05-06T20:00:00Z,2024-05-06T20:00:00Z,,,,,,,,,0,,,True
hourly_causal,VECC_TS_04_20240506T13,VECC,thunderstorm_episode,2024-05-06T13:00:00Z,2024-05-07T01:00:00Z,event,2024-05-06T21:00:00Z,2024-05-06T21:00:00Z,,,,,,,,,0,,,True
hourly_causal,VECC_TS_04_20240506T13,VECC,thunderstorm_episode,2024-05-06T13:00:00Z,2024-05-07T01:00:00Z,event,2024-05-06T22:00:00Z,2024-05-06T22:00:00Z,,,,,,,,,0,,,True
hourly_causal,VECC_TS_04_20240506T13,VECC,thunderstorm_episode,2024-05-06T13:00:00Z,2024-05-07T01:00:00Z,event,2024-05-06T23:00:00Z,2024-05-06T23:00:00Z,,,,,,,,,0,,,True
hourly_causal,VECC_TS_04_20240506T13,VECC,thunderstorm_episode,2024-05-06T13:00:00Z,2024-05-07T01:00:00Z,event,2024-05-07T00:00:00Z,2024-05-07T00:00:00Z,2024-05-06T23:15:00Z,2024-05-06T23:42:30Z,17.5,1.0,,1.0,0.0,98.0,1,13523613.0,3RIMG_06MAY2024_2315_L2B_CMK_V01R00.h5,True
hourly_causal,VECC_TS_04_20240506T13,VECC,thunderstorm_episode,2024-05-06T13:00:00Z,2024-05-07T01:00:00Z,event,2024-05-07T01:00:00Z,2024-05-07T01:00:00Z,2024-05-06T23:15:00Z,2024-05-06T23:42:30Z,77.5,1.0,,1.0,0.0,98.0,1,13523613.0,3RIMG_06MAY2024_2315_L2B_CMK_V01R00.h5,True
scan,VIDP_CTL_02_20241227T01,VIDP,control,2025-01-10T01:00:00Z,2025-01-10T15:00:00Z,pre_event,2025-01-10T01:00:00Z,,2025-01-09T23:15:00Z,2025-01-09T23:42:29Z,77.517,0.0,Clear,0.0,1.0,98.0,1,14898193,3RIMG_09JAN2025_2315_L2B_CMK_V01R00.h5,True
scan,VIDP_CTL_02_20241227T01,VIDP,control,2025-01-10T01:00:00Z,2025-01-10T15:00:00Z,event,2025-01-10T01:00:00Z,,2025-01-10T03:45:00Z,2025-01-10T04:12:29Z,-192.483,2.0,Probably_Clear,0.0510204081632653,0.9489795918367347,98.0,1,14898973,3RIMG_10JAN2025_0345_L2B_CMK_V01R00.h5,True
scan,VIDP_CTL_02_20241227T01,VIDP,control,2025-01-10T01:00:00Z,2025-01-10T15:00:00Z,event,2025-01-10T01:00:00Z,,2025-01-10T07:45:00Z,2025-01-10T08:12:29Z,-432.483,2.0,Probably_Clear,0.0714285714285714,0.9285714285714286,98.0,1,14899791,3RIMG_10JAN2025_0745_L2B_CMK_V01R00.h5,True
scan,VIDP_CTL_02_20241227T01,VIDP,control,2025-01-10T01:00:00Z,2025-01-10T15:00:00Z,event,2025-01-10T01:00:00Z,,2025-01-10T10:45:00Z,2025-01-10T11:12:29Z,-612.483,2.0,Probably_Clear,0.0,1.0,98.0,1,14900455,3RIMG_10JAN2025_1045_L2B_CMK_V01R00.h5,True
scan,VIDP_CTL_02_20241227T01,VIDP,control,2025-01-10T01:00:00Z,2025-01-10T15:00:00Z,event,2025-01-10T01:00:00Z,,2025-01-10T13:45:00Z,2025-01-10T14:12:29Z,-792.483,3.0,Probably_Cloudy,0.8163265306122449,0.1836734693877551,98.0,1,14901031,3RIMG_10JAN2025_1345_L2B_CMK_V01R00.h5,True
scan,VIDP_CTL_02_20241227T01,VIDP,control,2025-01-10T01:00:00Z,2025-01-10T15:00:00Z,post_event,2025-01-10T01:00:00Z,,2025-01-10T16:45:00Z,2025-01-10T17:12:28Z,-972.467,0.0,Clear,0.0204081632653061,0.979591836734694,98.0,1,14901601,3RIMG_10JAN2025_1645_L2B_CMK_V01R00.h5,True
hourly_causal,VIDP_CTL_02_20241227T01,VIDP,control,2025-01-10T01:00:00Z,2025-01-10T15:00:00Z,event,2025-01-10T01:00:00Z,2025-01-10T01:00:00Z,2025-01-09T23:15:00Z,2025-01-09T23:42:29Z,77.51666666666667,0.0,,0.0,1.0,98.0,1,14898193.0,3RIMG_09JAN2025_2315_L2B_CMK_V01R00.h5,True
hourly_causal,VIDP_CTL_02_20241227T01,VIDP,control,2025-01-10T01:00:00Z,2025-01-10T15:00:00Z,event,2025-01-10T02:00:00Z,2025-01-10T02:00:00Z,,,,,,,,,0,,,True
hourly_causal,VIDP_CTL_02_20241227T01,VIDP,control,2025-01-10T01:00:00Z,2025-01-10T15:00:00Z,event,2025-01-10T03:00:00Z,2025-01-10T03:00:00Z,,,,,,,,,0,,,True
hourly_causal,VIDP_CTL_02_20241227T01,VIDP,control,2025-01-10T01:00:00Z,2025-01-10T15:00:00Z,event,2025-01-10T04:00:00Z,2025-01-10T04:00:00Z,,,,,,,,,0,,,True
hourly_causal,VIDP_CTL_02_20241227T01,VIDP,control,2025-01-10T01:00:00Z,2025-01-10T15:00:00Z,event,2025-01-10T05:00:00Z,2025-01-10T05:00:00Z,2025-01-10T03:45:00Z,2025-01-10T04:12:29Z,47.516666666666666,2.0,,0.0510204081632653,0.9489795918367347,98.0,1,14898973.0,3RIMG_10JAN2025_0345_L2B_CMK_V01R00.h5,True
hourly_causal,VIDP_CTL_02_20241227T01,VIDP,control,2025-01-10T01:00:00Z,2025-01-10T15:00:00Z,event,2025-01-10T06:00:00Z,2025-01-10T06:00:00Z,,,,,,,,,0,,,True
hourly_causal,VIDP_CTL_02_20241227T01,VIDP,control,2025-01-10T01:00:00Z,2025-01-10T15:00:00Z,event,2025-01-10T07:00:00Z,2025-01-10T07:00:00Z,,,,,,,,,0,,,True
hourly_causal,VIDP_CTL_02_20241227T01,VIDP,control,2025-01-10T01:00:00Z,2025-01-10T15:00:00Z,event,2025-01-10T08:00:00Z,2025-01-10T08:00:00Z,,,,,,,,,0,,,True
hourly_causal,VIDP_CTL_02_20241227T01,VIDP,control,2025-01-10T01:00:00Z,2025-01-10T15:00:00Z,event,2025-01-10T09:00:00Z,2025-01-10T09:00:00Z,2025-01-10T07:45:00Z,2025-01-10T08:12:29Z,47.516666666666666,2.0,,0.0714285714285714,0.9285714285714286,98.0,1,14899791.0,3RIMG_10JAN2025_0745_L2B_CMK_V01R00.h5,True
hourly_causal,VIDP_CTL_02_20241227T01,VIDP,control,2025-01-10T01:00:00Z,2025-01-10T15:00:00Z,event,2025-01-10T10:00:00Z,2025-01-10T10:00:00Z,,,,,,,,,0,,,True
hourly_causal,VIDP_CTL_02_20241227T01,VIDP,control,2025-01-10T01:00:00Z,2025-01-10T15:00:00Z,event,2025-01-10T11:00:00Z,2025-01-10T11:00:00Z,,,,,,,,,0,,,True
hourly_causal,VIDP_CTL_02_20241227T01,VIDP,control,2025-01-10T01:00:00Z,2025-01-10T15:00:00Z,event,2025-01-10T12:00:00Z,2025-01-10T12:00:00Z,2025-01-10T10:45:00Z,2025-01-10T11:12:29Z,47.516666666666666,2.0,,0.0,1.0,98.0,1,14900455.0,3RIMG_10JAN2025_1045_L2B_CMK_V01R00.h5,True
hourly_causal,VIDP_CTL_02_20241227T01,VIDP,control,2025-01-10T01:00:00Z,2025-01-10T15:00:00Z,event,2025-01-10T13:00:00Z,2025-01-10T13:00:00Z,,,,,,,,,0,,,True
hourly_causal,VIDP_CTL_02_20241227T01,VIDP,control,2025-01-10T01:00:00Z,2025-01-10T15:00:00Z,event,2025-01-10T14:00:00Z,2025-01-10T14:00:00Z,,,,,,,,,0,,,True
hourly_causal,VIDP_CTL_02_20241227T01,VIDP,control,2025-01-10T01:00:00Z,2025-01-10T15:00:00Z,event,2025-01-10T15:00:00Z,2025-01-10T15:00:00Z,2025-01-10T13:45:00Z,2025-01-10T14:12:29Z,47.516666666666666,3.0,,0.8163265306122449,0.1836734693877551,98.0,1,14901031.0,3RIMG_10JAN2025_1345_L2B_CMK_V01R00.h5,True
scan,VIDP_CTL_03_20220107T19,VIDP,control,2021-12-24T19:00:00Z,2021-12-25T07:00:00Z,pre_event,2021-12-24T19:00:00Z,,2021-12-24T17:15:00Z,2021-12-24T17:42:21Z,77.65,2.0,Probably_Clear,0.0,1.0,98.0,1,9839624,3RIMG_24DEC2021_1715_L2B_CMK_V01R00.h5,True
scan,VIDP_CTL_03_20220107T19,VIDP,control,2021-12-24T19:00:00Z,2021-12-25T07:00:00Z,event,2021-12-24T19:00:00Z,,2021-12-24T19:15:00Z,2021-12-24T19:42:20Z,-42.333,2.0,Probably_Clear,0.0,1.0,98.0,1,9839792,3RIMG_24DEC2021_1915_L2B_CMK_V01R00.h5,True
scan,VIDP_CTL_03_20220107T19,VIDP,control,2021-12-24T19:00:00Z,2021-12-25T07:00:00Z,event,2021-12-24T19:00:00Z,,2021-12-24T22:15:00Z,2021-12-24T22:42:21Z,-222.35,2.0,Probably_Clear,0.0,1.0,98.0,1,9840126,3RIMG_24DEC2021_2215_L2B_CMK_V01R00.h5,True
scan,VIDP_CTL_03_20220107T19,VIDP,control,2021-12-24T19:00:00Z,2021-12-25T07:00:00Z,event,2021-12-24T19:00:00Z,,2021-12-25T00:15:00Z,2021-12-25T00:42:21Z,-342.35,2.0,Probably_Clear,0.0,1.0,98.0,1,9840286,3RIMG_25DEC2021_0015_L2B_CMK_V01R00.h5,True
scan,VIDP_CTL_03_20220107T19,VIDP,control,2021-12-24T19:00:00Z,2021-12-25T07:00:00Z,post_event,2021-12-24T19:00:00Z,,2021-12-25T06:45:00Z,2021-12-25T07:12:20Z,-732.333,2.0,Probably_Clear,0.010204081632653,0.9897959183673468,98.0,1,9841457,3RIMG_25DEC2021_0645_L2B_CMK_V01R00.h5,True
scan,VIDP_CTL_03_20220107T19,VIDP,control,2021-12-24T19:00:00Z,2021-12-25T07:00:00Z,post_event,2021-12-24T19:00:00Z,,2021-12-25T08:45:00Z,2021-12-25T09:12:20Z,-852.333,2.0,Probably_Clear,0.0306122448979591,0.9693877551020408,98.0,1,9842117,3RIMG_25DEC2021_0845_L2B_CMK_V01R00.h5,True
hourly_causal,VIDP_CTL_03_20220107T19,VIDP,control,2021-12-24T19:00:00Z,2021-12-25T07:00:00Z,event,2021-12-24T19:00:00Z,2021-12-24T19:00:00Z,2021-12-24T17:15:00Z,2021-12-24T17:42:21Z,77.65,2.0,,0.0,1.0,98.0,1,9839624.0,3RIMG_24DEC2021_1715_L2B_CMK_V01R00.h5,True
hourly_causal,VIDP_CTL_03_20220107T19,VIDP,control,2021-12-24T19:00:00Z,2021-12-25T07:00:00Z,event,2021-12-24T20:00:00Z,2021-12-24T20:00:00Z,2021-12-24T19:15:00Z,2021-12-24T19:42:20Z,17.666666666666668,2.0,,0.0,1.0,98.0,1,9839792.0,3RIMG_24DEC2021_1915_L2B_CMK_V01R00.h5,True
hourly_causal,VIDP_CTL_03_20220107T19,VIDP,control,2021-12-24T19:00:00Z,2021-12-25T07:00:00Z,event,2021-12-24T21:00:00Z,2021-12-24T21:00:00Z,2021-12-24T19:15:00Z,2021-12-24T19:42:20Z,77.66666666666667,2.0,,0.0,1.0,98.0,1,9839792.0,3RIMG_24DEC2021_1915_L2B_CMK_V01R00.h5,True
hourly_causal,VIDP_CTL_03_20220107T19,VIDP,control,2021-12-24T19:00:00Z,2021-12-25T07:00:00Z,event,2021-12-24T22:00:00Z,2021-12-24T22:00:00Z,,,,,,,,,0,,,True
hourly_causal,VIDP_CTL_03_20220107T19,VIDP,control,2021-12-24T19:00:00Z,2021-12-25T07:00:00Z,event,2021-12-24T23:00:00Z,2021-12-24T23:00:00Z,2021-12-24T22:15:00Z,2021-12-24T22:42:21Z,17.65,2.0,,0.0,1.0,98.0,1,9840126.0,3RIMG_24DEC2021_2215_L2B_CMK_V01R00.h5,True
hourly_causal,VIDP_CTL_03_20220107T19,VIDP,control,2021-12-24T19:00:00Z,2021-12-25T07:00:00Z,event,2021-12-25T00:00:00Z,2021-12-25T00:00:00Z,2021-12-24T22:15:00Z,2021-12-24T22:42:21Z,77.65,2.0,,0.0,1.0,98.0,1,9840126.0,3RIMG_24DEC2021_2215_L2B_CMK_V01R00.h5,True
hourly_causal,VIDP_CTL_03_20220107T19,VIDP,control,2021-12-24T19:00:00Z,2021-12-25T07:00:00Z,event,2021-12-25T01:00:00Z,2021-12-25T01:00:00Z,2021-12-25T00:15:00Z,2021-12-25T00:42:21Z,17.65,2.0,,0.0,1.0,98.0,1,9840286.0,3RIMG_25DEC2021_0015_L2B_CMK_V01R00.h5,True
hourly_causal,VIDP_CTL_03_20220107T19,VIDP,control,2021-12-24T19:00:00Z,2021-12-25T07:00:00Z,event,2021-12-25T02:00:00Z,2021-12-25T02:00:00Z,2021-12-25T00:15:00Z,2021-12-25T00:42:21Z,77.65,2.0,,0.0,1.0,98.0,1,9840286.0,3RIMG_25DEC2021_0015_L2B_CMK_V01R00.h5,True
hourly_causal,VIDP_CTL_03_20220107T19,VIDP,control,2021-12-24T19:00:00Z,2021-12-25T07:00:00Z,event,2021-12-25T03:00:00Z,2021-12-25T03:00:00Z,,,,,,,,,0,,,True
hourly_causal,VIDP_CTL_03_20220107T19,VIDP,control,2021-12-24T19:00:00Z,2021-12-25T07:00:00Z,event,2021-12-25T04:00:00Z,2021-12-25T04:00:00Z,,,,,,,,,0,,,True
hourly_causal,VIDP_CTL_03_20220107T19,VIDP,control,2021-12-24T19:00:00Z,2021-12-25T07:00:00Z,event,2021-12-25T05:00:00Z,2021-12-25T05:00:00Z,,,,,,,,,0,,,True
hourly_causal,VIDP_CTL_03_20220107T19,VIDP,control,2021-12-24T19:00:00Z,2021-12-25T07:00:00Z,event,2021-12-25T06:00:00Z,2021-12-25T06:00:00Z,,,,,,,,,0,,,True
hourly_causal,VIDP_CTL_03_20220107T19,VIDP,control,2021-12-24T19:00:00Z,2021-12-25T07:00:00Z,event,2021-12-25T07:00:00Z,2021-12-25T07:00:00Z,,,,,,,,,0,,,True
scan,VIDP_TS_02_20241227T01,VIDP,thunderstorm_episode,2024-12-27T01:00:00Z,2024-12-27T15:00:00Z,pre_event,2024-12-27T01:00:00Z,,2024-12-26T23:15:00Z,2024-12-26T23:42:28Z,77.533,1.0,Cloudy,1.0,0.0,98.0,1,14828185,3RIMG_26DEC2024_2315_L2B_CMK_V01R00.h5,True
scan,VIDP_TS_02_20241227T01,VIDP,thunderstorm_episode,2024-12-27T01:00:00Z,2024-12-27T15:00:00Z,event,2024-12-27T01:00:00Z,,2024-12-27T02:15:00Z,2024-12-27T02:42:28Z,-102.467,1.0,Cloudy,1.0,0.0,98.0,1,14828789,3RIMG_27DEC2024_0215_L2B_CMK_V01R00.h5,True
scan,VIDP_TS_02_20241227T01,VIDP,thunderstorm_episode,2024-12-27T01:00:00Z,2024-12-27T15:00:00Z,event,2024-12-27T01:00:00Z,,2024-12-27T07:15:00Z,2024-12-27T07:42:27Z,-402.45,1.0,Cloudy,1.0,0.0,98.0,1,14830247,3RIMG_27DEC2024_0715_L2B_CMK_V01R00.h5,True
scan,VIDP_TS_02_20241227T01,VIDP,thunderstorm_episode,2024-12-27T01:00:00Z,2024-12-27T15:00:00Z,event,2024-12-27T01:00:00Z,,2024-12-27T11:15:00Z,2024-12-27T11:42:27Z,-642.45,1.0,Cloudy,1.0,0.0,98.0,1,14831899,3RIMG_27DEC2024_1115_L2B_CMK_V01R00.h5,True
scan,VIDP_TS_02_20241227T01,VIDP,thunderstorm_episode,2024-12-27T01:00:00Z,2024-12-27T15:00:00Z,event,2024-12-27T01:00:00Z,,2024-12-27T14:15:00Z,2024-12-27T14:42:28Z,-822.467,1.0,Cloudy,1.0,0.0,98.0,1,14832489,3RIMG_27DEC2024_1415_L2B_CMK_V01R00.h5,True
scan,VIDP_TS_02_20241227T01,VIDP,thunderstorm_episode,2024-12-27T01:00:00Z,2024-12-27T15:00:00Z,post_event,2024-12-27T01:00:00Z,,2024-12-27T16:45:00Z,2024-12-27T17:12:27Z,-972.45,1.0,Cloudy,0.9489795918367347,0.0510204081632653,98.0,1,14833703,3RIMG_27DEC2024_1645_L2B_CMK_V01R00.h5,True
hourly_causal,VIDP_TS_02_20241227T01,VIDP,thunderstorm_episode,2024-12-27T01:00:00Z,2024-12-27T15:00:00Z,event,2024-12-27T01:00:00Z,2024-12-27T01:00:00Z,2024-12-26T23:15:00Z,2024-12-26T23:42:28Z,77.53333333333333,1.0,,1.0,0.0,98.0,1,14828185.0,3RIMG_26DEC2024_2315_L2B_CMK_V01R00.h5,True
hourly_causal,VIDP_TS_02_20241227T01,VIDP,thunderstorm_episode,2024-12-27T01:00:00Z,2024-12-27T15:00:00Z,event,2024-12-27T02:00:00Z,2024-12-27T02:00:00Z,,,,,,,,,0,,,True
hourly_causal,VIDP_TS_02_20241227T01,VIDP,thunderstorm_episode,2024-12-27T01:00:00Z,2024-12-27T15:00:00Z,event,2024-12-27T03:00:00Z,2024-12-27T03:00:00Z,2024-12-27T02:15:00Z,2024-12-27T02:42:28Z,17.533333333333335,1.0,,1.0,0.0,98.0,1,14828789.0,3RIMG_27DEC2024_0215_L2B_CMK_V01R00.h5,True
hourly_causal,VIDP_TS_02_20241227T01,VIDP,thunderstorm_episode,2024-12-27T01:00:00Z,2024-12-27T15:00:00Z,event,2024-12-27T04:00:00Z,2024-12-27T04:00:00Z,2024-12-27T02:15:00Z,2024-12-27T02:42:28Z,77.53333333333333,1.0,,1.0,0.0,98.0,1,14828789.0,3RIMG_27DEC2024_0215_L2B_CMK_V01R00.h5,True
hourly_causal,VIDP_TS_02_20241227T01,VIDP,thunderstorm_episode,2024-12-27T01:00:00Z,2024-12-27T15:00:00Z,event,2024-12-27T05:00:00Z,2024-12-27T05:00:00Z,,,,,,,,,0,,,True
hourly_causal,VIDP_TS_02_20241227T01,VIDP,thunderstorm_episode,2024-12-27T01:00:00Z,2024-12-27T15:00:00Z,event,2024-12-27T06:00:00Z,2024-12-27T06:00:00Z,,,,,,,,,0,,,True
hourly_causal,VIDP_TS_02_20241227T01,VIDP,thunderstorm_episode,2024-12-27T01:00:00Z,2024-12-27T15:00:00Z,event,2024-12-27T07:00:00Z,2024-12-27T07:00:00Z,,,,,,,,,0,,,True
hourly_causal,VIDP_TS_02_20241227T01,VIDP,thunderstorm_episode,2024-12-27T01:00:00Z,2024-12-27T15:00:00Z,event,2024-12-27T08:00:00Z,2024-12-27T08:00:00Z,2024-12-27T07:15:00Z,2024-12-27T07:42:27Z,17.55,1.0,,1.0,0.0,98.0,1,14830247.0,3RIMG_27DEC2024_0715_L2B_CMK_V01R00.h5,True
hourly_causal,VIDP_TS_02_20241227T01,VIDP,thunderstorm_episode,2024-12-27T01:00:00Z,2024-12-27T15:00:00Z,event,2024-12-27T09:00:00Z,2024-12-27T09:00:00Z,2024-12-27T07:15:00Z,2024-12-27T07:42:27Z,77.55,1.0,,1.0,0.0,98.0,1,14830247.0,3RIMG_27DEC2024_0715_L2B_CMK_V01R00.h5,True
hourly_causal,VIDP_TS_02_20241227T01,VIDP,thunderstorm_episode,2024-12-27T01:00:00Z,2024-12-27T15:00:00Z,event,2024-12-27T10:00:00Z,2024-12-27T10:00:00Z,,,,,,,,,0,,,True
hourly_causal,VIDP_TS_02_20241227T01,VIDP,thunderstorm_episode,2024-12-27T01:00:00Z,2024-12-27T15:00:00Z,event,2024-12-27T11:00:00Z,2024-12-27T11:00:00Z,,,,,,,,,0,,,True
hourly_causal,VIDP_TS_02_20241227T01,VIDP,thunderstorm_episode,2024-12-27T01:00:00Z,2024-12-27T15:00:00Z,event,2024-12-27T12:00:00Z,2024-12-27T12:00:00Z,2024-12-27T11:15:00Z,2024-12-27T11:42:27Z,17.55,1.0,,1.0,0.0,98.0,1,14831899.0,3RIMG_27DEC2024_1115_L2B_CMK_V01R00.h5,True
hourly_causal,VIDP_TS_02_20241227T01,VIDP,thunderstorm_episode,2024-12-27T01:00:00Z,2024-12-27T15:00:00Z,event,2024-12-27T13:00:00Z,2024-12-27T13:00:00Z,2024-12-27T11:15:00Z,2024-12-27T11:42:27Z,77.55,1.0,,1.0,0.0,98.0,1,14831899.0,3RIMG_27DEC2024_1115_L2B_CMK_V01R00.h5,True
hourly_causal,VIDP_TS_02_20241227T01,VIDP,thunderstorm_episode,2024-12-27T01:00:00Z,2024-12-27T15:00:00Z,event,2024-12-27T14:00:00Z,2024-12-27T14:00:00Z,,,,,,,,,0,,,True
hourly_causal,VIDP_TS_02_20241227T01,VIDP,thunderstorm_episode,2024-12-27T01:00:00Z,2024-12-27T15:00:00Z,event,2024-12-27T15:00:00Z,2024-12-27T15:00:00Z,2024-12-27T14:15:00Z,2024-12-27T14:42:28Z,17.533333333333335,1.0,,1.0,0.0,98.0,1,14832489.0,3RIMG_27DEC2024_1415_L2B_CMK_V01R00.h5,True
scan,VIDP_TS_03_20220107T19,VIDP,thunderstorm_episode,2022-01-07T19:00:00Z,2022-01-08T07:00:00Z,pre_event,2022-01-07T19:00:00Z,,2022-01-07T17:15:00Z,2022-01-07T17:42:21Z,77.65,1.0,Cloudy,1.0,0.0,98.0,1,9877886,3RIMG_07JAN2022_1715_L2B_CMK_V01R00.h5,True
scan,VIDP_TS_03_20220107T19,VIDP,thunderstorm_episode,2022-01-07T19:00:00Z,2022-01-08T07:00:00Z,event,2022-01-07T19:00:00Z,,2022-01-07T20:15:00Z,2022-01-07T20:42:21Z,-102.35,1.0,Cloudy,1.0,0.0,98.0,1,9878125,3RIMG_07JAN2022_2015_L2B_CMK_V01R00.h5,True
scan,VIDP_TS_03_20220107T19,VIDP,thunderstorm_episode,2022-01-07T19:00:00Z,2022-01-08T07:00:00Z,event,2022-01-07T19:00:00Z,,2022-01-07T23:15:00Z,2022-01-07T23:42:20Z,-282.333,1.0,Cloudy,1.0,0.0,98.0,1,9878374,3RIMG_07JAN2022_2315_L2B_CMK_V01R00.h5,True
scan,VIDP_TS_03_20220107T19,VIDP,thunderstorm_episode,2022-01-07T19:00:00Z,2022-01-08T07:00:00Z,event,2022-01-07T19:00:00Z,,2022-01-08T03:15:00Z,2022-01-08T03:42:20Z,-522.333,1.0,Cloudy,1.0,0.0,98.0,1,9878696,3RIMG_08JAN2022_0315_L2B_CMK_V01R00.h5,True
scan,VIDP_TS_03_20220107T19,VIDP,thunderstorm_episode,2022-01-07T19:00:00Z,2022-01-08T07:00:00Z,event,2022-01-07T19:00:00Z,,2022-01-08T06:15:00Z,2022-01-08T06:42:20Z,-702.333,1.0,Cloudy,1.0,0.0,98.0,1,9879010,3RIMG_08JAN2022_0615_L2B_CMK_V01R00.h5,True
scan,VIDP_TS_03_20220107T19,VIDP,thunderstorm_episode,2022-01-07T19:00:00Z,2022-01-08T07:00:00Z,post_event,2022-01-07T19:00:00Z,,2022-01-08T08:45:00Z,2022-01-08T09:12:20Z,-852.333,1.0,Cloudy,1.0,0.0,98.0,1,9879239,3RIMG_08JAN2022_0845_L2B_CMK_V01R00.h5,True
hourly_causal,VIDP_TS_03_20220107T19,VIDP,thunderstorm_episode,2022-01-07T19:00:00Z,2022-01-08T07:00:00Z,event,2022-01-07T19:00:00Z,2022-01-07T19:00:00Z,2022-01-07T17:15:00Z,2022-01-07T17:42:21Z,77.65,1.0,,1.0,0.0,98.0,1,9877886.0,3RIMG_07JAN2022_1715_L2B_CMK_V01R00.h5,True
hourly_causal,VIDP_TS_03_20220107T19,VIDP,thunderstorm_episode,2022-01-07T19:00:00Z,2022-01-08T07:00:00Z,event,2022-01-07T20:00:00Z,2022-01-07T20:00:00Z,,,,,,,,,0,,,True
hourly_causal,VIDP_TS_03_20220107T19,VIDP,thunderstorm_episode,2022-01-07T19:00:00Z,2022-01-08T07:00:00Z,event,2022-01-07T21:00:00Z,2022-01-07T21:00:00Z,2022-01-07T20:15:00Z,2022-01-07T20:42:21Z,17.65,1.0,,1.0,0.0,98.0,1,9878125.0,3RIMG_07JAN2022_2015_L2B_CMK_V01R00.h5,True
hourly_causal,VIDP_TS_03_20220107T19,VIDP,thunderstorm_episode,2022-01-07T19:00:00Z,2022-01-08T07:00:00Z,event,2022-01-07T22:00:00Z,2022-01-07T22:00:00Z,2022-01-07T20:15:00Z,2022-01-07T20:42:21Z,77.65,1.0,,1.0,0.0,98.0,1,9878125.0,3RIMG_07JAN2022_2015_L2B_CMK_V01R00.h5,True
hourly_causal,VIDP_TS_03_20220107T19,VIDP,thunderstorm_episode,2022-01-07T19:00:00Z,2022-01-08T07:00:00Z,event,2022-01-07T23:00:00Z,2022-01-07T23:00:00Z,,,,,,,,,0,,,True
hourly_causal,VIDP_TS_03_20220107T19,VIDP,thunderstorm_episode,2022-01-07T19:00:00Z,2022-01-08T07:00:00Z,event,2022-01-08T00:00:00Z,2022-01-08T00:00:00Z,2022-01-07T23:15:00Z,2022-01-07T23:42:20Z,17.666666666666668,1.0,,1.0,0.0,98.0,1,9878374.0,3RIMG_07JAN2022_2315_L2B_CMK_V01R00.h5,True
hourly_causal,VIDP_TS_03_20220107T19,VIDP,thunderstorm_episode,2022-01-07T19:00:00Z,2022-01-08T07:00:00Z,event,2022-01-08T01:00:00Z,2022-01-08T01:00:00Z,2022-01-07T23:15:00Z,2022-01-07T23:42:20Z,77.66666666666667,1.0,,1.0,0.0,98.0,1,9878374.0,3RIMG_07JAN2022_2315_L2B_CMK_V01R00.h5,True
hourly_causal,VIDP_TS_03_20220107T19,VIDP,thunderstorm_episode,2022-01-07T19:00:00Z,2022-01-08T07:00:00Z,event,2022-01-08T02:00:00Z,2022-01-08T02:00:00Z,,,,,,,,,0,,,True
hourly_causal,VIDP_TS_03_20220107T19,VIDP,thunderstorm_episode,2022-01-07T19:00:00Z,2022-01-08T07:00:00Z,event,2022-01-08T03:00:00Z,2022-01-08T03:00:00Z,,,,,,,,,0,,,True
hourly_causal,VIDP_TS_03_20220107T19,VIDP,thunderstorm_episode,2022-01-07T19:00:00Z,2022-01-08T07:00:00Z,event,2022-01-08T04:00:00Z,2022-01-08T04:00:00Z,2022-01-08T03:15:00Z,2022-01-08T03:42:20Z,17.666666666666668,1.0,,1.0,0.0,98.0,1,9878696.0,3RIMG_08JAN2022_0315_L2B_CMK_V01R00.h5,True
hourly_causal,VIDP_TS_03_20220107T19,VIDP,thunderstorm_episode,2022-01-07T19:00:00Z,2022-01-08T07:00:00Z,event,2022-01-08T05:00:00Z,2022-01-08T05:00:00Z,2022-01-08T03:15:00Z,2022-01-08T03:42:20Z,77.66666666666667,1.0,,1.0,0.0,98.0,1,9878696.0,3RIMG_08JAN2022_0315_L2B_CMK_V01R00.h5,True
hourly_causal,VIDP_TS_03_20220107T19,VIDP,thunderstorm_episode,2022-01-07T19:00:00Z,2022-01-08T07:00:00Z,event,2022-01-08T06:00:00Z,2022-01-08T06:00:00Z,,,,,,,,,0,,,True
hourly_causal,VIDP_TS_03_20220107T19,VIDP,thunderstorm_episode,2022-01-07T19:00:00Z,2022-01-08T07:00:00Z,event,2022-01-08T07:00:00Z,2022-01-08T07:00:00Z,2022-01-08T06:15:00Z,2022-01-08T06:42:20Z,17.666666666666668,1.0,,1.0,0.0,98.0,1,9879010.0,3RIMG_08JAN2022_0615_L2B_CMK_V01R00.h5,True
scan,VOCI_CTL_02_20231103T08,VOCI,control,2023-10-20T08:00:00Z,2023-10-20T21:00:00Z,pre_event,2023-10-20T08:00:00Z,,2023-10-20T06:15:00Z,2023-10-20T06:42:23Z,77.617,2.0,Probably_Clear,0.1724137931034483,0.8275862068965517,116.0,1,12472515,3RIMG_20OCT2023_0615_L2B_CMK_V01R00.h5,True
scan,VOCI_CTL_02_20231103T08,VOCI,control,2023-10-20T08:00:00Z,2023-10-20T21:00:00Z,event,2023-10-20T08:00:00Z,,2023-10-20T09:15:00Z,2023-10-20T09:42:22Z,-102.367,2.0,Probably_Clear,0.1379310344827586,0.8620689655172413,116.0,1,12473275,3RIMG_20OCT2023_0915_L2B_CMK_V01R00.h5,True
scan,VOCI_CTL_02_20231103T08,VOCI,control,2023-10-20T08:00:00Z,2023-10-20T21:00:00Z,event,2023-10-20T08:00:00Z,,2023-10-20T11:15:00Z,2023-10-20T11:42:23Z,-222.383,0.0,Clear,0.043103448275862,0.956896551724138,116.0,1,12473603,3RIMG_20OCT2023_1115_L2B_CMK_V01R00.h5,True
scan,VOCI_CTL_02_20231103T08,VOCI,control,2023-10-20T08:00:00Z,2023-10-20T21:00:00Z,event,2023-10-20T08:00:00Z,,2023-10-20T14:15:00Z,2023-10-20T14:42:23Z,-402.383,0.0,Clear,0.1034482758620689,0.896551724137931,116.0,1,12474125,3RIMG_20OCT2023_1415_L2B_CMK_V01R00.h5,True
scan,VOCI_CTL_02_20231103T08,VOCI,control,2023-10-20T08:00:00Z,2023-10-20T21:00:00Z,event,2023-10-20T08:00:00Z,,2023-10-20T16:15:00Z,2023-10-20T16:42:23Z,-522.383,0.0,Clear,0.25,0.75,116.0,1,12474561,3RIMG_20OCT2023_1615_L2B_CMK_V01R00.h5,True
scan,VOCI_CTL_02_20231103T08,VOCI,control,2023-10-20T08:00:00Z,2023-10-20T21:00:00Z,post_event,2023-10-20T08:00:00Z,,2023-10-20T22:45:00Z,2023-10-20T23:12:22Z,-912.367,3.0,Probably_Cloudy,0.8706896551724138,0.1293103448275862,116.0,1,12475661,3RIMG_20OCT2023_2245_L2B_CMK_V01R00.h5,True
hourly_causal,VOCI_CTL_02_20231103T08,VOCI,control,2023-10-20T08:00:00Z,2023-10-20T21:00:00Z,event,2023-10-20T08:00:00Z,2023-10-20T08:00:00Z,2023-10-20T06:15:00Z,2023-10-20T06:42:23Z,77.61666666666666,2.0,,0.1724137931034483,0.8275862068965517,116.0,1,12472515.0,3RIMG_20OCT2023_0615_L2B_CMK_V01R00.h5,True
hourly_causal,VOCI_CTL_02_20231103T08,VOCI,control,2023-10-20T08:00:00Z,2023-10-20T21:00:00Z,event,2023-10-20T09:00:00Z,2023-10-20T09:00:00Z,,,,,,,,,0,,,True
hourly_causal,VOCI_CTL_02_20231103T08,VOCI,control,2023-10-20T08:00:00Z,2023-10-20T21:00:00Z,event,2023-10-20T10:00:00Z,2023-10-20T10:00:00Z,2023-10-20T09:15:00Z,2023-10-20T09:42:22Z,17.633333333333333,2.0,,0.1379310344827586,0.8620689655172413,116.0,1,12473275.0,3RIMG_20OCT2023_0915_L2B_CMK_V01R00.h5,True
hourly_causal,VOCI_CTL_02_20231103T08,VOCI,control,2023-10-20T08:00:00Z,2023-10-20T21:00:00Z,event,2023-10-20T11:00:00Z,2023-10-20T11:00:00Z,2023-10-20T09:15:00Z,2023-10-20T09:42:22Z,77.63333333333334,2.0,,0.1379310344827586,0.8620689655172413,116.0,1,12473275.0,3RIMG_20OCT2023_0915_L2B_CMK_V01R00.h5,True
hourly_causal,VOCI_CTL_02_20231103T08,VOCI,control,2023-10-20T08:00:00Z,2023-10-20T21:00:00Z,event,2023-10-20T12:00:00Z,2023-10-20T12:00:00Z,2023-10-20T11:15:00Z,2023-10-20T11:42:23Z,17.616666666666667,0.0,,0.043103448275862,0.956896551724138,116.0,1,12473603.0,3RIMG_20OCT2023_1115_L2B_CMK_V01R00.h5,True
hourly_causal,VOCI_CTL_02_20231103T08,VOCI,control,2023-10-20T08:00:00Z,2023-10-20T21:00:00Z,event,2023-10-20T13:00:00Z,2023-10-20T13:00:00Z,2023-10-20T11:15:00Z,2023-10-20T11:42:23Z,77.61666666666666,0.0,,0.043103448275862,0.956896551724138,116.0,1,12473603.0,3RIMG_20OCT2023_1115_L2B_CMK_V01R00.h5,True
hourly_causal,VOCI_CTL_02_20231103T08,VOCI,control,2023-10-20T08:00:00Z,2023-10-20T21:00:00Z,event,2023-10-20T14:00:00Z,2023-10-20T14:00:00Z,,,,,,,,,0,,,True
hourly_causal,VOCI_CTL_02_20231103T08,VOCI,control,2023-10-20T08:00:00Z,2023-10-20T21:00:00Z,event,2023-10-20T15:00:00Z,2023-10-20T15:00:00Z,2023-10-20T14:15:00Z,2023-10-20T14:42:23Z,17.616666666666667,0.0,,0.1034482758620689,0.896551724137931,116.0,1,12474125.0,3RIMG_20OCT2023_1415_L2B_CMK_V01R00.h5,True
hourly_causal,VOCI_CTL_02_20231103T08,VOCI,control,2023-10-20T08:00:00Z,2023-10-20T21:00:00Z,event,2023-10-20T16:00:00Z,2023-10-20T16:00:00Z,2023-10-20T14:15:00Z,2023-10-20T14:42:23Z,77.61666666666666,0.0,,0.1034482758620689,0.896551724137931,116.0,1,12474125.0,3RIMG_20OCT2023_1415_L2B_CMK_V01R00.h5,True
hourly_causal,VOCI_CTL_02_20231103T08,VOCI,control,2023-10-20T08:00:00Z,2023-10-20T21:00:00Z,event,2023-10-20T17:00:00Z,2023-10-20T17:00:00Z,2023-10-20T16:15:00Z,2023-10-20T16:42:23Z,17.616666666666667,0.0,,0.25,0.75,116.0,1,12474561.0,3RIMG_20OCT2023_1615_L2B_CMK_V01R00.h5,True
hourly_causal,VOCI_CTL_02_20231103T08,VOCI,control,2023-10-20T08:00:00Z,2023-10-20T21:00:00Z,event,2023-10-20T18:00:00Z,2023-10-20T18:00:00Z,2023-10-20T16:15:00Z,2023-10-20T16:42:23Z,77.61666666666666,0.0,,0.25,0.75,116.0,1,12474561.0,3RIMG_20OCT2023_1615_L2B_CMK_V01R00.h5,True
hourly_causal,VOCI_CTL_02_20231103T08,VOCI,control,2023-10-20T08:00:00Z,2023-10-20T21:00:00Z,event,2023-10-20T19:00:00Z,2023-10-20T19:00:00Z,,,,,,,,,0,,,True
hourly_causal,VOCI_CTL_02_20231103T08,VOCI,control,2023-10-20T08:00:00Z,2023-10-20T21:00:00Z,event,2023-10-20T20:00:00Z,2023-10-20T20:00:00Z,,,,,,,,,0,,,True
hourly_causal,VOCI_CTL_02_20231103T08,VOCI,control,2023-10-20T08:00:00Z,2023-10-20T21:00:00Z,event,2023-10-20T21:00:00Z,2023-10-20T21:00:00Z,,,,,,,,,0,,,True
scan,VOCI_CTL_03_20190808T03,VOCI,control,2019-07-25T03:00:00Z,2019-07-25T13:00:00Z,pre_event,2019-07-25T03:00:00Z,,2019-07-25T01:15:00Z,2019-07-25T01:42:13Z,77.783,0.0,Clear,0.4913793103448275,0.5086206896551724,116.0,1,7530871,3RIMG_25JUL2019_0115_L2B_CMK_V01R00.h5,False
scan,VOCI_CTL_03_20190808T03,VOCI,control,2019-07-25T03:00:00Z,2019-07-25T13:00:00Z,event,2019-07-25T03:00:00Z,,2019-07-25T04:15:00Z,2019-07-25T04:42:13Z,-102.217,1.0,Cloudy,0.9655172413793104,0.0344827586206896,116.0,1,7531825,3RIMG_25JUL2019_0415_L2B_CMK_V01R00.h5,False
scan,VOCI_CTL_03_20190808T03,VOCI,control,2019-07-25T03:00:00Z,2019-07-25T13:00:00Z,event,2019-07-25T03:00:00Z,,2019-07-25T07:15:00Z,2019-07-25T07:42:13Z,-282.217,1.0,Cloudy,1.0,0.0,116.0,1,7532897,3RIMG_25JUL2019_0715_L2B_CMK_V01R00.h5,False
scan,VOCI_CTL_03_20190808T03,VOCI,control,2019-07-25T03:00:00Z,2019-07-25T13:00:00Z,event,2019-07-25T03:00:00Z,,2019-07-25T09:15:00Z,2019-07-25T09:42:13Z,-402.217,1.0,Cloudy,1.0,0.0,116.0,1,7533554,3RIMG_25JUL2019_0915_L2B_CMK_V01R00.h5,False
scan,VOCI_CTL_03_20190808T03,VOCI,control,2019-07-25T03:00:00Z,2019-07-25T13:00:00Z,event,2019-07-25T03:00:00Z,,2019-07-25T12:15:00Z,2019-07-25T12:42:13Z,-582.217,1.0,Cloudy,1.0,0.0,116.0,1,7534288,3RIMG_25JUL2019_1215_L2B_CMK_V01R00.h5,False
scan,VOCI_CTL_03_20190808T03,VOCI,control,2019-07-25T03:00:00Z,2019-07-25T13:00:00Z,post_event,2019-07-25T03:00:00Z,,2019-07-25T14:45:00Z,2019-07-25T15:12:13Z,-732.217,1.0,Cloudy,1.0,0.0,116.0,1,7534741,3RIMG_25JUL2019_1445_L2B_CMK_V01R00.h5,False
scan,VOCI_TS_02_20231103T08,VOCI,thunderstorm_episode,2023-11-03T08:00:00Z,2023-11-03T21:00:00Z,pre_event,2023-11-03T08:00:00Z,,2023-11-03T06:15:00Z,2023-11-03T06:42:20Z,77.667,2.0,Probably_Clear,0.5172413793103449,0.4827586206896552,116.0,1,12551955,3RIMG_03NOV2023_0615_L2B_CMK_V01R00.h5,True
scan,VOCI_TS_02_20231103T08,VOCI,thunderstorm_episode,2023-11-03T08:00:00Z,2023-11-03T21:00:00Z,event,2023-11-03T08:00:00Z,,2023-11-03T09:15:00Z,2023-11-03T09:42:20Z,-102.333,2.0,Probably_Clear,0.7931034482758621,0.2068965517241379,116.0,1,12552771,3RIMG_03NOV2023_0915_L2B_CMK_V01R00.h5,True
scan,VOCI_TS_02_20231103T08,VOCI,thunderstorm_episode,2023-11-03T08:00:00Z,2023-11-03T21:00:00Z,event,2023-11-03T08:00:00Z,,2023-11-03T11:15:00Z,2023-11-03T11:42:20Z,-222.333,1.0,Cloudy,1.0,0.0,116.0,1,12553225,3RIMG_03NOV2023_1115_L2B_CMK_V01R00.h5,True
scan,VOCI_TS_02_20231103T08,VOCI,thunderstorm_episode,2023-11-03T08:00:00Z,2023-11-03T21:00:00Z,event,2023-11-03T08:00:00Z,,2023-11-03T14:15:00Z,2023-11-03T14:42:20Z,-402.333,1.0,Cloudy,1.0,0.0,116.0,1,12553871,3RIMG_03NOV2023_1415_L2B_CMK_V01R00.h5,True
scan,VOCI_TS_02_20231103T08,VOCI,thunderstorm_episode,2023-11-03T08:00:00Z,2023-11-03T21:00:00Z,event,2023-11-03T08:00:00Z,,2023-11-03T16:15:00Z,2023-11-03T16:42:21Z,-522.35,1.0,Cloudy,1.0,0.0,116.0,1,12554279,3RIMG_03NOV2023_1615_L2B_CMK_V01R00.h5,True
scan,VOCI_TS_02_20231103T08,VOCI,thunderstorm_episode,2023-11-03T08:00:00Z,2023-11-03T21:00:00Z,post_event,2023-11-03T08:00:00Z,,2023-11-03T22:45:00Z,2023-11-03T23:12:20Z,-912.333,1.0,Cloudy,1.0,0.0,116.0,1,12555403,3RIMG_03NOV2023_2245_L2B_CMK_V01R00.h5,True
hourly_causal,VOCI_TS_02_20231103T08,VOCI,thunderstorm_episode,2023-11-03T08:00:00Z,2023-11-03T21:00:00Z,event,2023-11-03T08:00:00Z,2023-11-03T08:00:00Z,2023-11-03T06:15:00Z,2023-11-03T06:42:20Z,77.66666666666667,2.0,,0.5172413793103449,0.4827586206896552,116.0,1,12551955.0,3RIMG_03NOV2023_0615_L2B_CMK_V01R00.h5,True
hourly_causal,VOCI_TS_02_20231103T08,VOCI,thunderstorm_episode,2023-11-03T08:00:00Z,2023-11-03T21:00:00Z,event,2023-11-03T09:00:00Z,2023-11-03T09:00:00Z,,,,,,,,,0,,,True
hourly_causal,VOCI_TS_02_20231103T08,VOCI,thunderstorm_episode,2023-11-03T08:00:00Z,2023-11-03T21:00:00Z,event,2023-11-03T10:00:00Z,2023-11-03T10:00:00Z,2023-11-03T09:15:00Z,2023-11-03T09:42:20Z,17.666666666666668,2.0,,0.7931034482758621,0.2068965517241379,116.0,1,12552771.0,3RIMG_03NOV2023_0915_L2B_CMK_V01R00.h5,True
hourly_causal,VOCI_TS_02_20231103T08,VOCI,thunderstorm_episode,2023-11-03T08:00:00Z,2023-11-03T21:00:00Z,event,2023-11-03T11:00:00Z,2023-11-03T11:00:00Z,2023-11-03T09:15:00Z,2023-11-03T09:42:20Z,77.66666666666667,2.0,,0.7931034482758621,0.2068965517241379,116.0,1,12552771.0,3RIMG_03NOV2023_0915_L2B_CMK_V01R00.h5,True
hourly_causal,VOCI_TS_02_20231103T08,VOCI,thunderstorm_episode,2023-11-03T08:00:00Z,2023-11-03T21:00:00Z,event,2023-11-03T12:00:00Z,2023-11-03T12:00:00Z,2023-11-03T11:15:00Z,2023-11-03T11:42:20Z,17.666666666666668,1.0,,1.0,0.0,116.0,1,12553225.0,3RIMG_03NOV2023_1115_L2B_CMK_V01R00.h5,True
hourly_causal,VOCI_TS_02_20231103T08,VOCI,thunderstorm_episode,2023-11-03T08:00:00Z,2023-11-03T21:00:00Z,event,2023-11-03T13:00:00Z,2023-11-03T13:00:00Z,2023-11-03T11:15:00Z,2023-11-03T11:42:20Z,77.66666666666667,1.0,,1.0,0.0,116.0,1,12553225.0,3RIMG_03NOV2023_1115_L2B_CMK_V01R00.h5,True
hourly_causal,VOCI_TS_02_20231103T08,VOCI,thunderstorm_episode,2023-11-03T08:00:00Z,2023-11-03T21:00:00Z,event,2023-11-03T14:00:00Z,2023-11-03T14:00:00Z,,,,,,,,,0,,,True
hourly_causal,VOCI_TS_02_20231103T08,VOCI,thunderstorm_episode,2023-11-03T08:00:00Z,2023-11-03T21:00:00Z,event,2023-11-03T15:00:00Z,2023-11-03T15:00:00Z,2023-11-03T14:15:00Z,2023-11-03T14:42:20Z,17.666666666666668,1.0,,1.0,0.0,116.0,1,12553871.0,3RIMG_03NOV2023_1415_L2B_CMK_V01R00.h5,True
hourly_causal,VOCI_TS_02_20231103T08,VOCI,thunderstorm_episode,2023-11-03T08:00:00Z,2023-11-03T21:00:00Z,event,2023-11-03T16:00:00Z,2023-11-03T16:00:00Z,2023-11-03T14:15:00Z,2023-11-03T14:42:20Z,77.66666666666667,1.0,,1.0,0.0,116.0,1,12553871.0,3RIMG_03NOV2023_1415_L2B_CMK_V01R00.h5,True
hourly_causal,VOCI_TS_02_20231103T08,VOCI,thunderstorm_episode,2023-11-03T08:00:00Z,2023-11-03T21:00:00Z,event,2023-11-03T17:00:00Z,2023-11-03T17:00:00Z,2023-11-03T16:15:00Z,2023-11-03T16:42:21Z,17.65,1.0,,1.0,0.0,116.0,1,12554279.0,3RIMG_03NOV2023_1615_L2B_CMK_V01R00.h5,True
hourly_causal,VOCI_TS_02_20231103T08,VOCI,thunderstorm_episode,2023-11-03T08:00:00Z,2023-11-03T21:00:00Z,event,2023-11-03T18:00:00Z,2023-11-03T18:00:00Z,2023-11-03T16:15:00Z,2023-11-03T16:42:21Z,77.65,1.0,,1.0,0.0,116.0,1,12554279.0,3RIMG_03NOV2023_1615_L2B_CMK_V01R00.h5,True
hourly_causal,VOCI_TS_02_20231103T08,VOCI,thunderstorm_episode,2023-11-03T08:00:00Z,2023-11-03T21:00:00Z,event,2023-11-03T19:00:00Z,2023-11-03T19:00:00Z,,,,,,,,,0,,,True
hourly_causal,VOCI_TS_02_20231103T08,VOCI,thunderstorm_episode,2023-11-03T08:00:00Z,2023-11-03T21:00:00Z,event,2023-11-03T20:00:00Z,2023-11-03T20:00:00Z,,,,,,,,,0,,,True
hourly_causal,VOCI_TS_02_20231103T08,VOCI,thunderstorm_episode,2023-11-03T08:00:00Z,2023-11-03T21:00:00Z,event,2023-11-03T21:00:00Z,2023-11-03T21:00:00Z,,,,,,,,,0,,,True
scan,VOCI_TS_03_20190808T03,VOCI,thunderstorm_episode,2019-08-08T03:00:00Z,2019-08-08T13:00:00Z,pre_event,2019-08-08T03:00:00Z,,2019-08-08T01:15:00Z,2019-08-08T01:42:10Z,77.833,1.0,Cloudy,1.0,0.0,116.0,1,7568817,3RIMG_08AUG2019_0115_L2B_CMK_V01R00.h5,False
scan,VOCI_TS_03_20190808T03,VOCI,thunderstorm_episode,2019-08-08T03:00:00Z,2019-08-08T13:00:00Z,event,2019-08-08T03:00:00Z,,2019-08-08T04:15:00Z,2019-08-08T04:42:10Z,-102.167,1.0,Cloudy,1.0,0.0,116.0,1,7569046,3RIMG_08AUG2019_0415_L2B_CMK_V01R00.h5,False
scan,VOCI_TS_03_20190808T03,VOCI,thunderstorm_episode,2019-08-08T03:00:00Z,2019-08-08T13:00:00Z,event,2019-08-08T03:00:00Z,,2019-08-08T07:15:00Z,2019-08-08T07:42:10Z,-282.167,1.0,Cloudy,1.0,0.0,116.0,1,7569564,3RIMG_08AUG2019_0715_L2B_CMK_V01R00.h5,False
scan,VOCI_TS_03_20190808T03,VOCI,thunderstorm_episode,2019-08-08T03:00:00Z,2019-08-08T13:00:00Z,event,2019-08-08T03:00:00Z,,2019-08-08T09:15:00Z,2019-08-08T09:42:10Z,-402.167,1.0,Cloudy,1.0,0.0,116.0,1,7569826,3RIMG_08AUG2019_0915_L2B_CMK_V01R00.h5,False
scan,VOCI_TS_03_20190808T03,VOCI,thunderstorm_episode,2019-08-08T03:00:00Z,2019-08-08T13:00:00Z,event,2019-08-08T03:00:00Z,,2019-08-08T12:15:00Z,2019-08-08T12:42:10Z,-582.167,1.0,Cloudy,1.0,0.0,116.0,1,7570152,3RIMG_08AUG2019_1215_L2B_CMK_V01R00.h5,False
scan,VOCI_TS_03_20190808T03,VOCI,thunderstorm_episode,2019-08-08T03:00:00Z,2019-08-08T13:00:00Z,post_event,2019-08-08T03:00:00Z,,2019-08-08T14:45:00Z,2019-08-08T15:12:10Z,-732.167,1.0,Cloudy,1.0,0.0,116.0,1,7570395,3RIMG_08AUG2019_1445_L2B_CMK_V01R00.h5,False
scan,VOTV_CTL_02_20180730T19,VOTV,control,2018-08-13T19:00:00Z,2018-08-14T10:00:00Z,pre_event,2018-08-13T19:00:00Z,,2018-08-13T17:15:00Z,2018-08-13T17:42:16Z,77.733,1.0,Cloudy,0.9834710743801652,0.0165289256198347,121.0,1,6381693,3RIMG_13AUG2018_1715_L2B_CMK_V01R00.h5,False
scan,VOTV_CTL_02_20180730T19,VOTV,control,2018-08-13T19:00:00Z,2018-08-14T10:00:00Z,event,2018-08-13T19:00:00Z,,2018-08-13T21:45:00Z,2018-08-13T22:12:16Z,-192.267,1.0,Cloudy,1.0,0.0,121.0,1,6381859,3RIMG_13AUG2018_2145_L2B_CMK_V01R00.h5,False
scan,VOTV_CTL_02_20180730T19,VOTV,control,2018-08-13T19:00:00Z,2018-08-14T10:00:00Z,event,2018-08-13T19:00:00Z,,2018-08-14T01:45:00Z,2018-08-14T02:12:16Z,-432.267,1.0,Cloudy,0.8925619834710744,0.1074380165289256,121.0,1,6382194,3RIMG_14AUG2018_0145_L2B_CMK_V01R00.h5,False
scan,VOTV_CTL_02_20180730T19,VOTV,control,2018-08-13T19:00:00Z,2018-08-14T10:00:00Z,event,2018-08-13T19:00:00Z,,2018-08-14T04:45:00Z,2018-08-14T05:12:15Z,-612.25,1.0,Cloudy,1.0,0.0,121.0,1,6382503,3RIMG_14AUG2018_0445_L2B_CMK_V01R00.h5,False
scan,VOTV_CTL_02_20180730T19,VOTV,control,2018-08-13T19:00:00Z,2018-08-14T10:00:00Z,event,2018-08-13T19:00:00Z,,2018-08-14T08:45:00Z,2018-08-14T09:12:15Z,-852.25,1.0,Cloudy,1.0,0.0,121.0,1,6383035,3RIMG_14AUG2018_0845_L2B_CMK_V01R00.h5,False
scan,VOTV_CTL_02_20180730T19,VOTV,control,2018-08-13T19:00:00Z,2018-08-14T10:00:00Z,post_event,2018-08-13T19:00:00Z,,2018-08-14T11:45:00Z,2018-08-14T12:12:15Z,-1032.25,1.0,Cloudy,1.0,0.0,121.0,1,6383330,3RIMG_14AUG2018_1145_L2B_CMK_V01R00.h5,False
scan,VOTV_CTL_03_20170518T08,VOTV,control,2017-05-04T08:00:00Z,2017-05-04T21:00:00Z,pre_event,2017-05-04T08:00:00Z,,2017-05-04T06:15:00Z,2017-05-04T06:41:58Z,78.033,2.0,Probably_Clear,0.2231404958677686,0.7768595041322314,121.0,1,4946414,3RIMG_04MAY2017_0615_L2B_CMK_V01R00.h5,False
scan,VOTV_CTL_03_20170518T08,VOTV,control,2017-05-04T08:00:00Z,2017-05-04T21:00:00Z,event,2017-05-04T08:00:00Z,,2017-05-04T09:15:00Z,2017-05-04T09:41:58Z,-101.967,0.0,Clear,0.0082644628099173,0.9917355371900828,121.0,1,4946738,3RIMG_04MAY2017_0915_L2B_CMK_V01R00.h5,False
scan,VOTV_CTL_03_20170518T08,VOTV,control,2017-05-04T08:00:00Z,2017-05-04T21:00:00Z,event,2017-05-04T08:00:00Z,,2017-05-04T11:15:00Z,2017-05-04T11:41:59Z,-221.983,0.0,Clear,0.2066115702479339,0.7933884297520661,121.0,1,4946944,3RIMG_04MAY2017_1115_L2B_CMK_V01R00.h5,False
scan,VOTV_CTL_03_20170518T08,VOTV,control,2017-05-04T08:00:00Z,2017-05-04T21:00:00Z,event,2017-05-04T08:00:00Z,,2017-05-04T14:15:00Z,2017-05-04T14:41:58Z,-401.967,0.0,Clear,0.256198347107438,0.743801652892562,121.0,1,4947250,3RIMG_04MAY2017_1415_L2B_CMK_V01R00.h5,False
scan,VOTV_CTL_03_20170518T08,VOTV,control,2017-05-04T08:00:00Z,2017-05-04T21:00:00Z,event,2017-05-04T08:00:00Z,,2017-05-04T16:15:00Z,2017-05-04T16:41:58Z,-521.967,0.0,Clear,0.0330578512396694,0.9669421487603306,121.0,1,4947473,3RIMG_04MAY2017_1615_L2B_CMK_V01R00.h5,False
scan,VOTV_CTL_03_20170518T08,VOTV,control,2017-05-04T08:00:00Z,2017-05-04T21:00:00Z,post_event,2017-05-04T08:00:00Z,,2017-05-04T22:45:00Z,2017-05-04T23:11:58Z,-911.967,0.0,Clear,0.2148760330578512,0.7851239669421488,121.0,1,4947769,3RIMG_04MAY2017_2245_L2B_CMK_V01R00.h5,False
scan,VOTV_TS_02_20180730T19,VOTV,thunderstorm_episode,2018-07-30T19:00:00Z,2018-07-31T10:00:00Z,pre_event,2018-07-30T19:00:00Z,,2018-07-30T17:14:00Z,2018-07-30T17:41:51Z,78.15,1.0,Cloudy,1.0,0.0,121.0,1,6345958,3RIMG_30JUL2018_1714_L2B_CMK_V01R00.h5,False
scan,VOTV_TS_02_20180730T19,VOTV,thunderstorm_episode,2018-07-30T19:00:00Z,2018-07-31T10:00:00Z,event,2018-07-30T19:00:00Z,,2018-07-30T21:44:00Z,2018-07-30T22:11:52Z,-191.867,1.0,Cloudy,1.0,0.0,121.0,1,6346319,3RIMG_30JUL2018_2144_L2B_CMK_V01R00.h5,False
scan,VOTV_TS_02_20180730T19,VOTV,thunderstorm_episode,2018-07-30T19:00:00Z,2018-07-31T10:00:00Z,event,2018-07-30T19:00:00Z,,2018-07-31T00:44:00Z,2018-07-31T01:11:52Z,-371.867,1.0,Cloudy,1.0,0.0,121.0,1,6346578,3RIMG_31JUL2018_0044_L2B_CMK_V01R00.h5,False
scan,VOTV_TS_02_20180730T19,VOTV,thunderstorm_episode,2018-07-30T19:00:00Z,2018-07-31T10:00:00Z,event,2018-07-30T19:00:00Z,,2018-07-31T05:14:00Z,2018-07-31T05:41:51Z,-641.85,1.0,Cloudy,1.0,0.0,121.0,1,6347021,3RIMG_31JUL2018_0514_L2B_CMK_V01R00.h5,False
scan,VOTV_TS_02_20180730T19,VOTV,thunderstorm_episode,2018-07-30T19:00:00Z,2018-07-31T10:00:00Z,event,2018-07-30T19:00:00Z,,2018-07-31T08:14:00Z,2018-07-31T08:41:51Z,-821.85,1.0,Cloudy,1.0,0.0,121.0,1,6347347,3RIMG_31JUL2018_0814_L2B_CMK_V01R00.h5,False
scan,VOTV_TS_02_20180730T19,VOTV,thunderstorm_episode,2018-07-30T19:00:00Z,2018-07-31T10:00:00Z,post_event,2018-07-30T19:00:00Z,,2018-07-31T11:44:00Z,2018-07-31T12:11:52Z,-1031.867,1.0,Cloudy,1.0,0.0,121.0,1,6347669,3RIMG_31JUL2018_1144_L2B_CMK_V01R00.h5,False
scan,VOTV_TS_03_20170518T08,VOTV,thunderstorm_episode,2017-05-18T08:00:00Z,2017-05-18T21:00:00Z,pre_event,2017-05-18T08:00:00Z,,2017-05-18T06:15:00Z,2017-05-18T06:41:59Z,78.017,1.0,Cloudy,1.0,0.0,121.0,1,4987789,3RIMG_18MAY2017_0615_L2B_CMK_V01R00.h5,False
scan,VOTV_TS_03_20170518T08,VOTV,thunderstorm_episode,2017-05-18T08:00:00Z,2017-05-18T21:00:00Z,event,2017-05-18T08:00:00Z,,2017-05-18T09:15:00Z,2017-05-18T09:41:59Z,-101.983,1.0,Cloudy,1.0,0.0,121.0,1,4988165,3RIMG_18MAY2017_0915_L2B_CMK_V01R00.h5,False
scan,VOTV_TS_03_20170518T08,VOTV,thunderstorm_episode,2017-05-18T08:00:00Z,2017-05-18T21:00:00Z,event,2017-05-18T08:00:00Z,,2017-05-18T11:15:00Z,2017-05-18T11:41:58Z,-221.967,1.0,Cloudy,1.0,0.0,121.0,1,4988481,3RIMG_18MAY2017_1115_L2B_CMK_V01R00.h5,False
scan,VOTV_TS_03_20170518T08,VOTV,thunderstorm_episode,2017-05-18T08:00:00Z,2017-05-18T21:00:00Z,event,2017-05-18T08:00:00Z,,2017-05-18T14:15:00Z,2017-05-18T14:41:58Z,-401.967,1.0,Cloudy,1.0,0.0,121.0,1,4989182,3RIMG_18MAY2017_1415_L2B_CMK_V01R00.h5,False
scan,VOTV_TS_03_20170518T08,VOTV,thunderstorm_episode,2017-05-18T08:00:00Z,2017-05-18T21:00:00Z,event,2017-05-18T08:00:00Z,,2017-05-18T16:15:00Z,2017-05-18T16:41:59Z,-521.983,1.0,Cloudy,1.0,0.0,121.0,1,4989556,3RIMG_18MAY2017_1615_L2B_CMK_V01R00.h5,False
scan,VOTV_TS_03_20170518T08,VOTV,thunderstorm_episode,2017-05-18T08:00:00Z,2017-05-18T21:00:00Z,post_event,2017-05-18T08:00:00Z,,2017-05-18T22:45:00Z,2017-05-18T23:11:58Z,-911.967,1.0,Cloudy,1.0,0.0,121.0,1,4990680,3RIMG_18MAY2017_2245_L2B_CMK_V01R00.h5,False
