station_id,event_id,case_type,timestamp_utc,sat_cloud_mask_at_station,sat_cloudy_fraction_25km,sat_clear_fraction_25km,sat_valid_pixel_count_25km,sat_observation_available,sat_observation_time_utc,sat_acquisition_start_utc,sat_acquisition_end_utc,sat_age_minutes,temperature_2m,relative_humidity_2m,surface_pressure,wind_speed_10m,precipitation,cloud_cover,nwp_cape,nwp_convective_inhibition,nwp_lifted_index,nwp_cloud_cover,nwp_precipitation,baseline_p_1h,baseline_p_2h,baseline_p_3h,baseline_alert_1h,baseline_alert_2h,baseline_alert_3h,target_1h,target_2h,target_3h,target_1h_state,target_2h_state,target_3h_state,source_filename,gId,exploratory_case_based,baseline_probability_label,sat_nwp_cloud_difference,nwp_cloud_cover_01_for_difference
VABB,VABB_CTL_03_20250614T14,control,2025-05-31 14:00:00+00:00,0.0,0.2222222222222222,0.7777777777777778,108.0,1,2025-05-31 12:15:00+00:00,2025-05-31 12:15:35+00:00,2025-05-31 12:42:29+00:00,77.51666666666667,28.95,79.99954,1003.3831,11.782784,0.0,100.0,540.0,-109.0,-1.7,100,0.0,0.03,0.025,0.025,0,0,0,0.0,0.0,0.0,NON_TS,NON_TS,NON_TS,3RIMG_31MAY2025_1215_L2B_CMK_V01R00.h5,15607679.0,True,Frozen Phase 8D Model B probability,0.7777777777777778,1.0
VABB,VABB_CTL_03_20250614T14,control,2025-05-31 16:00:00+00:00,2.0,0.7314814814814815,0.2685185185185185,108.0,1,2025-05-31 15:15:00+00:00,2025-05-31 15:15:35+00:00,2025-05-31 15:42:29+00:00,17.516666666666666,28.55,82.61116,1004.5788,12.413477,0.0,100.0,720.0,-42.0,-2.0,100,0.0,0.03,0.035,0.005,0,0,0,0.0,0.0,0.0,NON_TS,NON_TS,NON_TS,3RIMG_31MAY2025_1515_L2B_CMK_V01R00.h5,15608231.0,True,Frozen Phase 8D Model B probability,0.2685185185185185,1.0
VABB,VABB_CTL_03_20250614T14,control,2025-05-31 17:00:00+00:00,2.0,0.7314814814814815,0.2685185185185185,108.0,1,2025-05-31 15:15:00+00:00,2025-05-31 15:15:35+00:00,2025-05-31 15:42:29+00:00,77.51666666666667,28.45,82.84566,1004.9774,12.325728,0.0,100.0,880.0,-46.0,-2.2,100,0.0,0.01,0.04,0.005,0,0,0,0.0,0.0,0.0,NON_TS,NON_TS,NON_TS,3RIMG_31MAY2025_1515_L2B_CMK_V01R00.h5,15608231.0,True,Frozen Phase 8D Model B probability,0.2685185185185185,1.0
VABB,VABB_CTL_03_20250614T14,control,2025-05-31 18:00:00+00:00,2.0,0.7037037037037037,0.2962962962962963,108.0,1,2025-05-31 17:15:00+00:00,2025-05-31 17:15:35+00:00,2025-05-31 17:42:28+00:00,17.533333333333335,28.05,84.04302,1004.875,13.210087,0.1,100.0,950.0,-21.0,-2.6,100,0.0,0.045,0.06,0.07,0,0,1,0.0,0.0,0.0,NON_TS,NON_TS,NON_TS,3RIMG_31MAY2025_1715_L2B_CMK_V01R00.h5,15608589.0,True,Frozen Phase 8D Model B probability,0.2962962962962963,1.0
VABB,VABB_CTL_03_20250614T14,control,2025-05-31 19:00:00+00:00,2.0,0.7037037037037037,0.2962962962962963,108.0,1,2025-05-31 17:15:00+00:00,2025-05-31 17:15:35+00:00,2025-05-31 17:42:28+00:00,77.53333333333333,26.9,89.09508,1004.86816,12.093535,0.0,100.0,720.0,-12.0,-2.1,100,0.1,0.065,0.05,0.055,1,0,0,0.0,0.0,0.0,NON_TS,NON_TS,NON_TS,3RIMG_31MAY2025_1715_L2B_CMK_V01R00.h5,15608589.0,True,Frozen Phase 8D Model B probability,0.2962962962962963,1.0
VABB,VABB_CTL_03_20250614T14,control,2025-05-31 23:00:00+00:00,3.0,0.9722222222222222,0.0277777777777777,108.0,1,2025-05-31 21:45:00+00:00,2025-05-31 21:45:34+00:00,2025-05-31 22:12:28+00:00,47.53333333333333,25.7,91.716415,1003.5633,13.060857,0.4,100.0,340.0,-7.0,-0.7,100,0.1,0.02,0.045,0.035,0,0,0,0.0,0.0,0.0,NON_TS,NON_TS,NON_TS,3RIMG_31MAY2025_2145_L2B_CMK_V01R00.h5,15609475.0,True,Frozen Phase 8D Model B probability,0.02777777777777779,1.0
VABB,VABB_CTL_03_20250614T14,control,2025-06-01 01:00:00+00:00,3.0,0.9444444444444444,0.0555555555555555,108.0,1,2025-05-31 23:45:00+00:00,2025-05-31 23:45:35+00:00,2025-06-01 00:12:29+00:00,47.516666666666666,26.75,90.42208,1004.0687,10.1902895,0.3,100.0,360.0,-88.0,-0.9,100,0.0,0.025,0.03,0.03,0,0,0,0.0,0.0,0.0,NON_TS,NON_TS,NON_TS,3RIMG_31MAY2025_2345_L2B_CMK_V01R00.h5,15610011.0,True,Frozen Phase 8D Model B probability,0.05555555555555558,1.0
VABB,VABB_TS_03_20250614T14,thunderstorm_episode,2025-06-14 14:00:00+00:00,1.0,1.0,0.0,108.0,1,2025-06-14 12:15:00+00:00,2025-06-14 12:15:36+00:00,2025-06-14 12:42:30+00:00,77.5,27.0,92.88859,997.5821,9.840914,7.1,100.0,1740.0,-3.0,-5.1,100,0.1,0.26,0.205,0.19,1,1,1,1.0,1.0,1.0,TS,TS,TS,3RIMG_14JUN2025_1215_L2B_CMK_V01R00.h5,15682305.0,True,Frozen Phase 8D Model B probability,0.0,1.0
VABB,VABB_TS_03_20250614T14,thunderstorm_episode,2025-06-14 16:00:00+00:00,1.0,1.0,0.0,108.0,1,2025-06-14 15:15:00+00:00,2025-06-14 15:15:36+00:00,2025-06-14 15:42:30+00:00,17.5,27.0,96.81442,998.77985,6.341009,0.8,100.0,1340.0,-1.0,-3.7,100,0.1,0.17,0.12,0.095,1,1,1,1.0,1.0,1.0,TS,TS,TS,3RIMG_14JUN2025_1515_L2B_CMK_V01R00.h5,15682909.0,True,Frozen Phase 8D Model B probability,0.0,1.0
VABB,VABB_TS_03_20250614T14,thunderstorm_episode,2025-06-14 17:00:00+00:00,1.0,1.0,0.0,108.0,1,2025-06-14 15:15:00+00:00,2025-06-14 15:15:36+00:00,2025-06-14 15:42:30+00:00,77.5,26.4,97.66406,998.9757,8.891343,0.7,100.0,1290.0,-1.0,-4.3,100,0.0,0.105,0.095,0.105,1,1,1,1.0,1.0,1.0,TS,TS,TS,3RIMG_14JUN2025_1515_L2B_CMK_V01R00.h5,15682909.0,True,Frozen Phase 8D Model B probability,0.0,1.0
VABB,VABB_TS_03_20250614T14,thunderstorm_episode,2025-06-14 19:00:00+00:00,1.0,1.0,0.0,108.0,1,2025-06-14 18:15:00+00:00,2025-06-14 18:15:37+00:00,2025-06-14 18:42:31+00:00,17.483333333333334,26.2,97.371574,997.5771,6.7397914,0.6,100.0,1100.0,0.0,-4.2,100,0.0,0.16,0.085,0.155,1,1,1,1.0,1.0,1.0,TS,TS,TS,3RIMG_14JUN2025_1815_L2B_CMK_V01R00.h5,15683541.0,True,Frozen Phase 8D Model B probability,0.0,1.0
VABB,VABB_TS_03_20250614T14,thunderstorm_episode,2025-06-14 20:00:00+00:00,1.0,1.0,0.0,108.0,1,2025-06-14 18:15:00+00:00,2025-06-14 18:15:37+00:00,2025-06-14 18:42:31+00:00,77.48333333333333,26.15,97.65976,996.57855,10.070353,0.3,100.0,1060.0,0.0,-4.0,100,0.0,0.1,0.095,0.09,1,1,1,1.0,1.0,1.0,TS,TS,TS,3RIMG_14JUN2025_1815_L2B_CMK_V01R00.h5,15683541.0,True,Frozen Phase 8D Model B probability,0.0,1.0
VABB,VABB_TS_03_20250614T14,thunderstorm_episode,2025-06-14 22:00:00+00:00,1.0,1.0,0.0,108.0,1,2025-06-14 21:15:00+00:00,2025-06-14 21:15:37+00:00,2025-06-14 21:42:30+00:00,17.5,25.95,97.077934,996.178,13.026081,1.7,100.0,860.0,0.0,-3.3,100,1.0,0.14,0.11,0.085,1,1,1,1.0,1.0,1.0,TS,TS,TS,3RIMG_14JUN2025_2115_L2B_CMK_V01R00.h5,15684365.0,True,Frozen Phase 8D Model B probability,0.0,1.0
VABB,VABB_TS_03_20250614T14,thunderstorm_episode,2025-06-14 23:00:00+00:00,1.0,1.0,0.0,108.0,1,2025-06-14 21:15:00+00:00,2025-06-14 21:15:37+00:00,2025-06-14 21:42:30+00:00,77.5,25.6,97.35995,996.5755,13.905509,2.1,100.0,740.0,-1.0,-2.6,100,0.5,0.195,0.095,0.125,1,1,1,1.0,1.0,0.0,TS,TS,NON_TS,3RIMG_14JUN2025_2115_L2B_CMK_V01R00.h5,15684365.0,True,Frozen Phase 8D Model B probability,0.0,1.0
VABB,VABB_TS_03_20250614T14,thunderstorm_episode,2025-06-15 01:00:00+00:00,1.0,1.0,0.0,108.0,1,2025-06-15 00:15:00+00:00,2025-06-15 00:15:36+00:00,2025-06-15 00:42:30+00:00,17.5,26.3,97.37353,996.28,2.5264204,3.3,100.0,710.0,-8.0,-3.1,100,0.1,0.165,0.13,0.095,1,1,1,0.0,0.0,0.0,NON_TS,NON_TS,NON_TS,3RIMG_15JUN2025_0015_L2B_CMK_V01R00.h5,15685171.0,True,Frozen Phase 8D Model B probability,0.0,1.0
VECC,VECC_CTL_04_20240506T13,control,2024-04-22 13:00:00+00:00,3.0,0.6326530612244898,0.3673469387755102,98.0,1,2024-04-22 11:15:00+00:00,2024-04-22 11:15:36+00:00,2024-04-22 11:42:29+00:00,77.51666666666667,32.25,45.814713,1004.13837,9.255571,0.0,99.0,0.0,0.0,1.8,100,0.0,0.015,0.02,0.02,0,0,0,0.0,0.0,0.0,NON_TS,NON_TS,NON_TS,3RIMG_22APR2024_1115_L2B_CMK_V01R00.h5,13452103.0,True,Frozen Phase 8D Model B probability,0.36734693877551017,1.0
VECC,VECC_CTL_04_20240506T13,control,2024-04-22 16:00:00+00:00,0.0,0.4285714285714285,0.5714285714285714,98.0,1,2024-04-22 14:45:00+00:00,2024-04-22 14:45:35+00:00,2024-04-22 15:12:29+00:00,47.516666666666666,32.4,31.69547,1006.2374,9.449572,0.0,100.0,0.0,0.0,4.5,100,0.0,0.0,0.0,0.0,0,0,0,0.0,0.0,0.0,NON_TS,NON_TS,NON_TS,3RIMG_22APR2024_1445_L2B_CMK_V01R00.h5,13452631.0,True,Frozen Phase 8D Model B probability,0.5714285714285715,1.0
VECC,VECC_CTL_04_20240506T13,control,2024-04-22 18:00:00+00:00,1.0,0.8061224489795918,0.1938775510204081,98.0,1,2024-04-22 16:45:00+00:00,2024-04-22 16:45:36+00:00,2024-04-22 17:12:29+00:00,47.516666666666666,29.85,44.885414,1004.7336,9.255571,0.0,100.0,120.0,-262.0,-0.8,100,0.0,0.01,0.01,0.04,0,0,0,0.0,0.0,0.0,NON_TS,NON_TS,NON_TS,3RIMG_22APR2024_1645_L2B_CMK_V01R00.h5,13453089.0,True,Frozen Phase 8D Model B probability,0.19387755102040816,1.0
VECC,VECC_CTL_04_20240506T13,control,2024-04-23 00:00:00+00:00,2.0,0.2244897959183673,0.7755102040816326,98.0,1,2024-04-22 23:15:00+00:00,2024-04-22 23:15:36+00:00,2024-04-22 23:42:30+00:00,17.5,27.15,49.42155,1004.22845,7.69592,0.0,100.0,0.0,0.0,3.5,100,0.0,0.005,0.005,0.0,0,0,0,0.0,0.0,0.0,NON_TS,NON_TS,NON_TS,3RIMG_22APR2024_2315_L2B_CMK_V01R00.h5,13454345.0,True,Frozen Phase 8D Model B probability,0.7755102040816327,1.0
VECC,VECC_CTL_04_20240506T13,control,2024-04-23 01:00:00+00:00,2.0,0.2244897959183673,0.7755102040816326,98.0,1,2024-04-22 23:15:00+00:00,2024-04-22 23:15:36+00:00,2024-04-22 23:42:30+00:00,77.5,29.45,50.656193,1005.13245,10.1887,0.0,99.0,0.0,0.0,3.9,80,0.0,0.005,0.0,0.0,0,0,0,0.0,0.0,0.0,NON_TS,NON_TS,NON_TS,3RIMG_22APR2024_2315_L2B_CMK_V01R00.h5,13454345.0,True,Frozen Phase 8D Model B probability,0.5755102040816328,0.8
VECC,VECC_TS_04_20240506T13,thunderstorm_episode,2024-05-06 13:00:00+00:00,3.0,1.0,0.0,98.0,1,2024-05-06 11:15:00+00:00,2024-05-06 11:15:36+00:00,2024-05-06 11:42:29+00:00,77.51666666666667,26.45,87.21209,1002.32837,15.986595,0.0,70.0,10.0,-268.0,0.3,100,21.2,0.09,0.11,0.105,1,1,1,1.0,1.0,1.0,TS,TS,TS,3RIMG_06MAY2024_1115_L2B_CMK_V01R00.h5,13522375.0,True,Frozen Phase 8D Model B probability,0.0,1.0
VECC,VECC_TS_04_20240506T13,thunderstorm_episode,2024-05-06 14:00:00+00:00,1.0,1.0,0.0,98.0,1,2024-05-06 13:15:00+00:00,2024-05-06 13:15:36+00:00,2024-05-06 13:42:30+00:00,17.5,25.25,91.68969,1005.3244,25.96995,0.0,100.0,80.0,-646.0,-1.1,100,1.3,0.085,0.1,0.11,1,1,1,1.0,1.0,1.0,TS,TS,TS,3RIMG_06MAY2024_1315_L2B_CMK_V01R00.h5,13522685.0,True,Frozen Phase 8D Model B probability,0.0,1.0
VECC,VECC_TS_04_20240506T13,thunderstorm_episode,2024-05-06 15:00:00+00:00,1.0,1.0,0.0,98.0,1,2024-05-06 13:15:00+00:00,2024-05-06 13:15:36+00:00,2024-05-06 13:42:30+00:00,77.5,24.9,93.34087,1006.0234,14.404499,0.1,41.0,360.0,-371.0,-2.4,100,0.0,0.04,0.055,0.05,0,0,0,1.0,1.0,1.0,TS,TS,TS,3RIMG_06MAY2024_1315_L2B_CMK_V01R00.h5,13522685.0,True,Frozen Phase 8D Model B probability,0.0,1.0
VECC,VECC_TS_04_20240506T13,thunderstorm_episode,2024-05-06 17:00:00+00:00,1.0,1.0,0.0,98.0,1,2024-05-06 16:15:00+00:00,2024-05-06 16:15:36+00:00,2024-05-06 16:42:30+00:00,17.5,25.4,90.87533,1006.42413,22.039528,0.0,18.0,240.0,-611.0,-2.2,0,0.2,0.04,0.045,0.05,0,0,0,1.0,1.0,1.0,TS,TS,TS,3RIMG_06MAY2024_1615_L2B_CMK_V01R00.h5,13522893.0,True,Frozen Phase 8D Model B probability,1.0,0.0
VECC,VECC_TS_04_20240506T13,thunderstorm_episode,2024-05-06 18:00:00+00:00,1.0,1.0,0.0,98.0,1,2024-05-06 16:15:00+00:00,2024-05-06 16:15:36+00:00,2024-05-06 16:42:30+00:00,77.5,25.5,88.71935,1006.1243,22.322903,0.0,7.0,160.0,-491.0,-2.4,5,0.5,0.06,0.045,0.04,0,0,0,1.0,1.0,1.0,TS,TS,TS,3RIMG_06MAY2024_1615_L2B_CMK_V01R00.h5,13522893.0,True,Frozen Phase 8D Model B probability,0.95,0.05
VECC,VECC_TS_04_20240506T13,thunderstorm_episode,2024-05-07 00:00:00+00:00,1.0,1.0,0.0,98.0,1,2024-05-06 23:15:00+00:00,2024-05-06 23:15:36+00:00,2024-05-06 23:42:30+00:00,17.5,26.05,85.35703,1006.72516,7.5942082,0.0,13.0,500.0,-468.0,-3.4,100,0.0,0.01,0.035,0.025,0,0,0,1.0,0.0,0.0,TS,NON_TS,NON_TS,3RIMG_06MAY2024_2315_L2B_CMK_V01R00.h5,13523613.0,True,Frozen Phase 8D Model B probability,0.0,1.0
VECC,VECC_TS_04_20240506T13,thunderstorm_episode,2024-05-07 01:00:00+00:00,1.0,1.0,0.0,98.0,1,2024-05-06 23:15:00+00:00,2024-05-06 23:15:36+00:00,2024-05-06 23:42:30+00:00,77.5,25.75,86.10383,1007.9239,10.739833,0.0,39.0,890.0,-313.0,-4.3,63,0.0,0.035,0.01,0.04,0,0,0,0.0,0.0,0.0,NON_TS,NON_TS,NON_TS,3RIMG_06MAY2024_2315_L2B_CMK_V01R00.h5,13523613.0,True,Frozen Phase 8D Model B probability,0.37,0.63
VIDP,VIDP_CTL_02_20241227T01,control,2025-01-10 01:00:00+00:00,0.0,0.0,1.0,98.0,1,2025-01-09 23:15:00+00:00,2025-01-09 23:15:35+00:00,2025-01-09 23:42:29+00:00,77.51666666666667,7.5,96.97042,992.30176,5.4833565,0.0,0.0,0.0,0.0,16.8,0,0.0,0.0,0.0,0.0,0,0,0,0.0,0.0,0.0,NON_TS,NON_TS,NON_TS,3RIMG_09JAN2025_2315_L2B_CMK_V01R00.h5,14898193.0,True,Frozen Phase 8D Model B probability,0.0,0.0
VIDP,VIDP_CTL_02_20241227T01,control,2025-01-10 05:00:00+00:00,2.0,0.0510204081632653,0.9489795918367347,98.0,1,2025-01-10 03:45:00+00:00,2025-01-10 03:45:35+00:00,2025-01-10 04:12:29+00:00,47.516666666666666,12.9,90.00663,995.7424,2.8116899,0.0,32.0,0.0,0.0,14.2,0,0.0,0.0,0.0,0.0,0,0,0,0.0,0.0,0.0,NON_TS,NON_TS,NON_TS,3RIMG_10JAN2025_0345_L2B_CMK_V01R00.h5,14898973.0,True,Frozen Phase 8D Model B probability,0.0510204081632653,0.0
VIDP,VIDP_CTL_02_20241227T01,control,2025-01-10 09:00:00+00:00,2.0,0.0714285714285714,0.9285714285714286,98.0,1,2025-01-10 07:45:00+00:00,2025-01-10 07:45:35+00:00,2025-01-10 08:12:29+00:00,47.516666666666666,18.15,61.784122,991.9497,4.7110505,0.0,0.0,0.0,0.0,10.9,0,0.0,0.0,0.0,0.0,0,0,0,0.0,0.0,0.0,NON_TS,NON_TS,NON_TS,3RIMG_10JAN2025_0745_L2B_CMK_V01R00.h5,14899791.0,True,Frozen Phase 8D Model B probability,0.0714285714285714,0.0
VIDP,VIDP_CTL_02_20241227T01,control,2025-01-10 12:00:00+00:00,2.0,0.0,1.0,98.0,1,2025-01-10 10:45:00+00:00,2025-01-10 10:45:35+00:00,2025-01-10 11:12:29+00:00,47.516666666666666,15.45,73.32865,990.8248,5.154415,0.0,0.0,0.0,0.0,10.7,0,0.0,0.0,0.0,0.0,0,0,0,0.0,0.0,0.0,NON_TS,NON_TS,NON_TS,3RIMG_10JAN2025_1045_L2B_CMK_V01R00.h5,14900455.0,True,Frozen Phase 8D Model B probability,0.0,0.0
VIDP,VIDP_CTL_02_20241227T01,control,2025-01-10 15:00:00+00:00,3.0,0.8163265306122449,0.1836734693877551,98.0,1,2025-01-10 13:45:00+00:00,2025-01-10 13:45:35+00:00,2025-01-10 14:12:29+00:00,47.516666666666666,12.35,85.57566,991.7984,6.1437774,0.0,0.0,0.0,0.0,12.2,0,0.0,0.0,0.0,0.0,0,0,0,0.0,0.0,0.0,NON_TS,NON_TS,NON_TS,3RIMG_10JAN2025_1345_L2B_CMK_V01R00.h5,14901031.0,True,Frozen Phase 8D Model B probability,0.8163265306122449,0.0
VIDP,VIDP_CTL_03_20220107T19,control,2021-12-24 19:00:00+00:00,2.0,0.0,1.0,98.0,1,2021-12-24 17:15:00+00:00,2021-12-24 17:15:27+00:00,2021-12-24 17:42:21+00:00,77.65,11.4,85.76404,987.9137,9.360001,0.0,0.0,0.0,0.0,9.2,0,0.0,0.0,0.0,0.0,0,0,0,0.0,0.0,0.0,NON_TS,NON_TS,NON_TS,3RIMG_24DEC2021_1715_L2B_CMK_V01R00.h5,9839624.0,True,Frozen Phase 8D Model B probability,0.0,0.0
VIDP,VIDP_CTL_03_20220107T19,control,2021-12-24 20:00:00+00:00,2.0,0.0,1.0,98.0,1,2021-12-24 19:15:00+00:00,2021-12-24 19:15:27+00:00,2021-12-24 19:42:20+00:00,17.666666666666668,11.8,82.40847,988.04895,7.2,0.0,0.0,0.0,0.0,9.6,0,0.0,0.0,0.0,0.0,0,0,0,0.0,0.0,0.0,NON_TS,NON_TS,NON_TS,3RIMG_24DEC2021_1915_L2B_CMK_V01R00.h5,9839792.0,True,Frozen Phase 8D Model B probability,0.0,0.0
VIDP,VIDP_CTL_03_20220107T19,control,2021-12-24 21:00:00+00:00,2.0,0.0,1.0,98.0,1,2021-12-24 19:15:00+00:00,2021-12-24 19:15:27+00:00,2021-12-24 19:42:20+00:00,77.66666666666667,13.25,76.2063,988.08887,4.8965297,0.0,0.0,0.0,0.0,9.9,0,0.0,0.0,0.0,0.0,0,0,0,0.0,0.0,0.0,NON_TS,NON_TS,NON_TS,3RIMG_24DEC2021_1915_L2B_CMK_V01R00.h5,9839792.0,True,Frozen Phase 8D Model B probability,0.0,0.0
VIDP,VIDP_CTL_03_20220107T19,control,2021-12-24 23:00:00+00:00,2.0,0.0,1.0,98.0,1,2021-12-24 22:15:00+00:00,2021-12-24 22:15:28+00:00,2021-12-24 22:42:21+00:00,17.65,11.3,83.186035,987.61224,3.6,0.0,0.0,0.0,0.0,10.9,0,0.0,0.0,0.0,0.0,0,0,0,0.0,0.0,0.0,NON_TS,NON_TS,NON_TS,3RIMG_24DEC2021_2215_L2B_CMK_V01R00.h5,9840126.0,True,Frozen Phase 8D Model B probability,0.0,0.0
VIDP,VIDP_CTL_03_20220107T19,control,2021-12-25 00:00:00+00:00,2.0,0.0,1.0,98.0,1,2021-12-24 22:15:00+00:00,2021-12-24 22:15:28+00:00,2021-12-24 22:42:21+00:00,77.65,11.35,85.18249,987.90875,3.4152596,0.0,0.0,0.0,0.0,11.6,0,0.0,0.0,0.0,0.0,0,0,0,0.0,0.0,0.0,NON_TS,NON_TS,NON_TS,3RIMG_24DEC2021_2215_L2B_CMK_V01R00.h5,9840126.0,True,Frozen Phase 8D Model B probability,0.0,0.0
VIDP,VIDP_CTL_03_20220107T19,control,2021-12-25 01:00:00+00:00,2.0,0.0,1.0,98.0,1,2021-12-25 00:15:00+00:00,2021-12-25 00:15:27+00:00,2021-12-25 00:42:21+00:00,17.65,10.95,86.29847,988.45447,3.5455887,0.0,0.0,0.0,0.0,12.0,0,0.0,0.0,0.0,0.0,0,0,0,0.0,0.0,0.0,NON_TS,NON_TS,NON_TS,3RIMG_25DEC2021_0015_L2B_CMK_V01R00.h5,9840286.0,True,Frozen Phase 8D Model B probability,0.0,0.0
VIDP,VIDP_CTL_03_20220107T19,control,2021-12-25 02:00:00+00:00,2.0,0.0,1.0,98.0,1,2021-12-25 00:15:00+00:00,2021-12-25 00:15:27+00:00,2021-12-25 00:42:21+00:00,77.65,10.4,88.01465,989.08246,4.1046314,0.0,0.0,0.0,0.0,12.5,0,0.0,0.0,0.0,0.0,0,0,0,0.0,0.0,0.0,NON_TS,NON_TS,NON_TS,3RIMG_25DEC2021_0015_L2B_CMK_V01R00.h5,9840286.0,True,Frozen Phase 8D Model B probability,0.0,0.0
VIDP,VIDP_TS_02_20241227T01,thunderstorm_episode,2024-12-27 01:00:00+00:00,1.0,1.0,0.0,98.0,1,2024-12-26 23:15:00+00:00,2024-12-26 23:15:34+00:00,2024-12-26 23:42:28+00:00,77.53333333333333,14.15,84.91783,991.19,9.965239,6.9,100.0,0.0,0.0,10.1,100,0.0,0.05,0.035,0.045,0,0,0,1.0,1.0,1.0,TS,TS,TS,3RIMG_26DEC2024_2315_L2B_CMK_V01R00.h5,14828185.0,True,Frozen Phase 8D Model B probability,0.0,1.0
VIDP,VIDP_TS_02_20241227T01,thunderstorm_episode,2024-12-27 03:00:00+00:00,1.0,1.0,0.0,98.0,1,2024-12-27 02:15:00+00:00,2024-12-27 02:15:34+00:00,2024-12-27 02:42:28+00:00,17.533333333333335,14.75,83.59638,992.998,5.3999996,1.4,100.0,0.0,0.0,9.4,7,0.0,0.03,0.01,0.02,0,0,0,1.0,0.0,1.0,TS,NON_TS,TS,3RIMG_27DEC2024_0215_L2B_CMK_V01R00.h5,14828789.0,True,Frozen Phase 8D Model B probability,0.9299999999999999,0.07
VIDP,VIDP_TS_02_20241227T01,thunderstorm_episode,2024-12-27 04:00:00+00:00,1.0,1.0,0.0,98.0,1,2024-12-27 02:15:00+00:00,2024-12-27 02:15:34+00:00,2024-12-27 02:42:28+00:00,77.53333333333333,14.65,88.38437,993.4752,11.952054,1.7,100.0,0.0,0.0,8.9,100,0.1,0.035,0.02,0.01,0,0,0,0.0,1.0,1.0,NON_TS,TS,TS,3RIMG_27DEC2024_0215_L2B_CMK_V01R00.h5,14828789.0,True,Frozen Phase 8D Model B probability,0.0,1.0
VIDP,VIDP_TS_02_20241227T01,thunderstorm_episode,2024-12-27 08:00:00+00:00,1.0,1.0,0.0,98.0,1,2024-12-27 07:15:00+00:00,2024-12-27 07:15:33+00:00,2024-12-27 07:42:27+00:00,17.55,16.25,86.2557,991.58044,9.614426,4.4,100.0,0.0,0.0,4.7,100,0.0,0.055,0.045,0.015,0,0,0,1.0,1.0,1.0,TS,TS,TS,3RIMG_27DEC2024_0715_L2B_CMK_V01R00.h5,14830247.0,True,Frozen Phase 8D Model B probability,0.0,1.0
VIDP,VIDP_TS_02_20241227T01,thunderstorm_episode,2024-12-27 09:00:00+00:00,1.0,1.0,0.0,98.0,1,2024-12-27 07:15:00+00:00,2024-12-27 07:15:33+00:00,2024-12-27 07:42:27+00:00,77.55,15.95,91.10834,990.96875,8.244708,3.3,100.0,0.0,0.0,3.9,100,0.0,0.055,0.03,0.01,0,0,0,1.0,1.0,1.0,TS,TS,TS,3RIMG_27DEC2024_0715_L2B_CMK_V01R00.h5,14830247.0,True,Frozen Phase 8D Model B probability,0.0,1.0
VIDP,VIDP_TS_02_20241227T01,thunderstorm_episode,2024-12-27 12:00:00+00:00,1.0,1.0,0.0,98.0,1,2024-12-27 11:15:00+00:00,2024-12-27 11:15:34+00:00,2024-12-27 11:42:27+00:00,17.55,14.4,93.71752,990.24036,12.033103,0.8,100.0,0.0,0.0,4.6,100,5.7,0.08,0.08,0.05,1,1,0,1.0,1.0,1.0,TS,TS,TS,3RIMG_27DEC2024_1115_L2B_CMK_V01R00.h5,14831899.0,True,Frozen Phase 8D Model B probability,0.0,1.0
VIDP,VIDP_TS_02_20241227T01,thunderstorm_episode,2024-12-27 13:00:00+00:00,1.0,1.0,0.0,98.0,1,2024-12-27 11:15:00+00:00,2024-12-27 11:15:34+00:00,2024-12-27 11:42:27+00:00,77.55,14.35,95.87411,991.20874,9.983106,1.6,100.0,0.0,0.0,4.0,100,1.6,0.045,0.05,0.065,0,0,1,1.0,1.0,0.0,TS,TS,NON_TS,3RIMG_27DEC2024_1115_L2B_CMK_V01R00.h5,14831899.0,True,Frozen Phase 8D Model B probability,0.0,1.0
VIDP,VIDP_TS_02_20241227T01,thunderstorm_episode,2024-12-27 15:00:00+00:00,1.0,1.0,0.0,98.0,1,2024-12-27 14:15:00+00:00,2024-12-27 14:15:34+00:00,2024-12-27 14:42:28+00:00,17.533333333333335,14.5,94.64119,991.8067,11.276968,0.2,98.0,0.0,0.0,4.8,100,2.8,0.065,0.055,0.04,1,0,0,0.0,0.0,1.0,NON_TS,NON_TS,TS,3RIMG_27DEC2024_1415_L2B_CMK_V01R00.h5,14832489.0,True,Frozen Phase 8D Model B probability,0.0,1.0
VIDP,VIDP_TS_03_20220107T19,thunderstorm_episode,2022-01-07 19:00:00+00:00,1.0,1.0,0.0,98.0,1,2022-01-07 17:15:00+00:00,2022-01-07 17:15:27+00:00,2022-01-07 17:42:21+00:00,77.65,15.55,87.60156,988.40125,19.083395,0.7,100.0,70.0,-134.0,-0.2,68,0.0,0.74,0.76,0.805,1,1,1,1.0,1.0,1.0,TS,TS,TS,3RIMG_07JAN2022_1715_L2B_CMK_V01R00.h5,9877886.0,True,Frozen Phase 8D Model B probability,0.31999999999999995,0.68
VIDP,VIDP_TS_03_20220107T19,thunderstorm_episode,2022-01-07 21:00:00+00:00,1.0,1.0,0.0,98.0,1,2022-01-07 20:15:00+00:00,2022-01-07 20:15:27+00:00,2022-01-07 20:42:21+00:00,17.65,15.0,92.537125,987.57166,17.992796,0.4,100.0,50.0,-166.0,0.0,100,0.5,0.855,0.86,0.775,1,1,1,1.0,1.0,1.0,TS,TS,TS,3RIMG_07JAN2022_2015_L2B_CMK_V01R00.h5,9878125.0,True,Frozen Phase 8D Model B probability,0.0,1.0
VIDP,VIDP_TS_03_20220107T19,thunderstorm_episode,2022-01-07 22:00:00+00:00,1.0,1.0,0.0,98.0,1,2022-01-07 20:15:00+00:00,2022-01-07 20:15:27+00:00,2022-01-07 20:42:21+00:00,77.65,14.7,93.7317,986.66785,20.68356,0.0,14.0,40.0,-158.0,0.3,100,1.5,0.8,0.78,0.75,1,1,1,1.0,1.0,1.0,TS,TS,TS,3RIMG_07JAN2022_2015_L2B_CMK_V01R00.h5,9878125.0,True,Frozen Phase 8D Model B probability,0.0,1.0
VIDP,VIDP_TS_03_20220107T19,thunderstorm_episode,2022-01-08 00:00:00+00:00,1.0,1.0,0.0,98.0,1,2022-01-07 23:15:00+00:00,2022-01-07 23:15:27+00:00,2022-01-07 23:42:20+00:00,17.666666666666668,14.35,94.94353,987.7056,14.007655,0.0,63.0,30.0,-82.0,0.3,100,0.7,0.835,0.78,0.81,1,1,1,1.0,1.0,1.0,TS,TS,TS,3RIMG_07JAN2022_2315_L2B_CMK_V01R00.h5,9878374.0,True,Frozen Phase 8D Model B probability,0.0,1.0
VIDP,VIDP_TS_03_20220107T19,thunderstorm_episode,2022-01-08 01:00:00+00:00,1.0,1.0,0.0,98.0,1,2022-01-07 23:15:00+00:00,2022-01-07 23:15:27+00:00,2022-01-07 23:42:20+00:00,77.66666666666667,14.35,94.63511,987.8029,18.39878,0.0,57.0,40.0,-73.0,0.4,100,1.7,0.815,0.82,0.82,1,1,1,1.0,1.0,1.0,TS,TS,TS,3RIMG_07JAN2022_2315_L2B_CMK_V01R00.h5,9878374.0,True,Frozen Phase 8D Model B probability,0.0,1.0
VIDP,VIDP_TS_03_20220107T19,thunderstorm_episode,2022-01-08 04:00:00+00:00,1.0,1.0,0.0,98.0,1,2022-01-08 03:15:00+00:00,2022-01-08 03:15:27+00:00,2022-01-08 03:42:20+00:00,17.666666666666668,15.2,91.6521,990.7042,8.714677,8.4,100.0,110.0,-37.0,-0.4,100,0.3,0.8,0.78,0.675,1,1,1,1.0,1.0,1.0,TS,TS,TS,3RIMG_08JAN2022_0315_L2B_CMK_V01R00.h5,9878696.0,True,Frozen Phase 8D Model B probability,0.0,1.0
VIDP,VIDP_TS_03_20220107T19,thunderstorm_episode,2022-01-08 05:00:00+00:00,1.0,1.0,0.0,98.0,1,2022-01-08 03:15:00+00:00,2022-01-08 03:15:27+00:00,2022-01-08 03:42:20+00:00,77.66666666666667,16.05,87.93101,990.39374,19.453327,0.2,100.0,180.0,-30.0,-0.8,100,0.4,0.76,0.685,0.055,1,1,0,1.0,1.0,0.0,TS,TS,NON_TS,3RIMG_08JAN2022_0315_L2B_CMK_V01R00.h5,9878696.0,True,Frozen Phase 8D Model B probability,0.0,1.0
VIDP,VIDP_TS_03_20220107T19,thunderstorm_episode,2022-01-08 07:00:00+00:00,1.0,1.0,0.0,98.0,1,2022-01-08 06:15:00+00:00,2022-01-08 06:15:26+00:00,2022-01-08 06:42:20+00:00,17.666666666666668,17.45,80.19442,988.8682,19.8,0.2,100.0,230.0,-54.0,-0.8,100,0.8,0.085,0.045,0.015,1,0,0,0.0,0.0,0.0,NON_TS,NON_TS,NON_TS,3RIMG_08JAN2022_0615_L2B_CMK_V01R00.h5,9879010.0,True,Frozen Phase 8D Model B probability,0.0,1.0
VOCI,VOCI_CTL_02_20231103T08,control,2023-10-20 08:00:00+00:00,2.0,0.1724137931034483,0.8275862068965517,116.0,1,2023-10-20 06:15:00+00:00,2023-10-20 06:15:29+00:00,2023-10-20 06:42:23+00:00,77.61666666666666,30.45,68.29628,1009.0913,10.594036,0.0,17.0,1220.0,0.0,-3.5,21,0.0,0.02,0.04,0.15,0,0,1,0.0,0.0,0.0,NON_TS,NON_TS,NON_TS,3RIMG_20OCT2023_0615_L2B_CMK_V01R00.h5,12472515.0,True,Frozen Phase 8D Model B probability,0.037586206896551705,0.21
VOCI,VOCI_CTL_02_20231103T08,control,2023-10-20 10:00:00+00:00,2.0,0.1379310344827586,0.8620689655172413,116.0,1,2023-10-20 09:15:00+00:00,2023-10-20 09:15:29+00:00,2023-10-20 09:42:22+00:00,17.633333333333333,29.05,72.92332,1008.3878,12.738099,0.9,77.0,1970.0,-3.0,-4.3,100,0.1,0.175,0.25,0.24,1,1,1,0.0,0.0,0.0,NON_TS,NON_TS,NON_TS,3RIMG_20OCT2023_0915_L2B_CMK_V01R00.h5,12473275.0,True,Frozen Phase 8D Model B probability,0.8620689655172414,1.0
VOCI,VOCI_CTL_02_20231103T08,control,2023-10-20 11:00:00+00:00,2.0,0.1379310344827586,0.8620689655172413,116.0,1,2023-10-20 09:15:00+00:00,2023-10-20 09:15:29+00:00,2023-10-20 09:42:22+00:00,77.63333333333334,27.55,82.49368,1008.98254,9.19939,2.0,68.0,1730.0,-3.0,-4.2,97,0.1,0.26,0.185,0.085,1,1,1,0.0,0.0,0.0,NON_TS,NON_TS,NON_TS,3RIMG_20OCT2023_0915_L2B_CMK_V01R00.h5,12473275.0,True,Frozen Phase 8D Model B probability,0.8320689655172414,0.97
VOCI,VOCI_CTL_02_20231103T08,control,2023-10-20 12:00:00+00:00,0.0,0.043103448275862,0.956896551724138,116.0,1,2023-10-20 11:15:00+00:00,2023-10-20 11:15:29+00:00,2023-10-20 11:42:23+00:00,17.616666666666667,27.95,81.07266,1009.08374,3.319036,0.3,65.0,1490.0,-9.0,-3.9,100,0.4,0.165,0.08,0.045,1,1,0,0.0,0.0,0.0,NON_TS,NON_TS,NON_TS,3RIMG_20OCT2023_1115_L2B_CMK_V01R00.h5,12473603.0,True,Frozen Phase 8D Model B probability,0.956896551724138,1.0
VOCI,VOCI_CTL_02_20231103T08,control,2023-10-20 13:00:00+00:00,0.0,0.043103448275862,0.956896551724138,116.0,1,2023-10-20 11:15:00+00:00,2023-10-20 11:15:29+00:00,2023-10-20 11:42:23+00:00,77.61666666666666,26.5,89.33114,1010.07837,6.439876,0.1,64.0,780.0,-28.0,-2.6,88,0.0,0.06,0.055,0.04,0,0,0,0.0,0.0,0.0,NON_TS,NON_TS,NON_TS,3RIMG_20OCT2023_1115_L2B_CMK_V01R00.h5,12473603.0,True,Frozen Phase 8D Model B probability,0.836896551724138,0.88
VOCI,VOCI_CTL_02_20231103T08,control,2023-10-20 15:00:00+00:00,0.0,0.1034482758620689,0.896551724137931,116.0,1,2023-10-20 14:15:00+00:00,2023-10-20 14:15:29+00:00,2023-10-20 14:42:23+00:00,17.616666666666667,26.15,92.56854,1012.1755,2.1897945,0.0,90.0,460.0,-37.0,-1.4,70,1.2,0.05,0.035,0.02,0,0,0,0.0,0.0,0.0,NON_TS,NON_TS,NON_TS,3RIMG_20OCT2023_1415_L2B_CMK_V01R00.h5,12474125.0,True,Frozen Phase 8D Model B probability,0.596551724137931,0.7
VOCI,VOCI_CTL_02_20231103T08,control,2023-10-20 16:00:00+00:00,0.0,0.1034482758620689,0.896551724137931,116.0,1,2023-10-20 14:15:00+00:00,2023-10-20 14:15:29+00:00,2023-10-20 14:42:23+00:00,77.61666666666666,25.65,94.78302,1012.7734,2.6208394,0.0,99.0,280.0,-44.0,-1.0,66,0.4,0.02,0.01,0.02,0,0,0,0.0,0.0,0.0,NON_TS,NON_TS,NON_TS,3RIMG_20OCT2023_1415_L2B_CMK_V01R00.h5,12474125.0,True,Frozen Phase 8D Model B probability,0.5565517241379312,0.66
VOCI,VOCI_CTL_02_20231103T08,control,2023-10-20 17:00:00+00:00,0.0,0.25,0.75,116.0,1,2023-10-20 16:15:00+00:00,2023-10-20 16:15:30+00:00,2023-10-20 16:42:23+00:00,17.616666666666667,24.45,98.8089,1012.76953,2.3051248,0.0,98.0,220.0,-60.0,-0.8,100,0.1,0.02,0.015,0.015,0,0,0,0.0,0.0,0.0,NON_TS,NON_TS,NON_TS,3RIMG_20OCT2023_1615_L2B_CMK_V01R00.h5,12474561.0,True,Frozen Phase 8D Model B probability,0.75,1.0
VOCI,VOCI_CTL_02_20231103T08,control,2023-10-20 18:00:00+00:00,0.0,0.25,0.75,116.0,1,2023-10-20 16:15:00+00:00,2023-10-20 16:15:30+00:00,2023-10-20 16:42:23+00:00,77.61666666666666,24.6,98.8102,1012.57007,2.9024127,0.0,100.0,220.0,-55.0,-1.0,100,0.0,0.015,0.015,0.0,0,0,0,0.0,0.0,0.0,NON_TS,NON_TS,NON_TS,3RIMG_20OCT2023_1615_L2B_CMK_V01R00.h5,12474561.0,True,Frozen Phase 8D Model B probability,0.75,1.0
VOCI,VOCI_TS_02_20231103T08,thunderstorm_episode,2023-11-03 08:00:00+00:00,2.0,0.5172413793103449,0.4827586206896552,116.0,1,2023-11-03 06:15:00+00:00,2023-11-03 06:15:26+00:00,2023-11-03 06:42:20+00:00,77.66666666666667,29.75,73.70133,1006.09186,7.5685663,2.3,95.0,2350.0,-1.0,-6.1,100,0.3,0.175,0.405,0.355,1,1,1,1.0,,1.0,TS,UNAVAILABLE,TS,3RIMG_03NOV2023_0615_L2B_CMK_V01R00.h5,12551955.0,True,Frozen Phase 8D Model B probability,0.48275862068965514,1.0
VOCI,VOCI_TS_02_20231103T08,thunderstorm_episode,2023-11-03 10:00:00+00:00,2.0,0.7931034482758621,0.2068965517241379,116.0,1,2023-11-03 09:15:00+00:00,2023-11-03 09:15:26+00:00,2023-11-03 09:42:20+00:00,17.666666666666668,26.75,85.42745,1006.1825,6.8399997,6.2,100.0,3040.0,0.0,-6.9,100,2.1,0.335,0.205,0.175,1,1,1,1.0,1.0,1.0,TS,TS,TS,3RIMG_03NOV2023_0915_L2B_CMK_V01R00.h5,12552771.0,True,Frozen Phase 8D Model B probability,0.2068965517241379,1.0
VOCI,VOCI_TS_02_20231103T08,thunderstorm_episode,2023-11-03 11:00:00+00:00,2.0,0.7931034482758621,0.2068965517241379,116.0,1,2023-11-03 09:15:00+00:00,2023-11-03 09:15:26+00:00,2023-11-03 09:42:20+00:00,77.66666666666667,26.55,87.48282,1006.18225,4.896529,0.1,100.0,1820.0,-4.0,-5.4,100,1.8,0.37,0.255,0.2,1,1,1,1.0,1.0,1.0,TS,TS,TS,3RIMG_03NOV2023_0915_L2B_CMK_V01R00.h5,12552771.0,True,Frozen Phase 8D Model B probability,0.2068965517241379,1.0
VOCI,VOCI_TS_02_20231103T08,thunderstorm_episode,2023-11-03 12:00:00+00:00,1.0,1.0,0.0,116.0,1,2023-11-03 11:15:00+00:00,2023-11-03 11:15:27+00:00,2023-11-03 11:42:20+00:00,17.666666666666668,25.2,91.41122,1007.4767,7.342588,2.9,100.0,890.0,-18.0,-4.3,100,4.0,0.29,0.235,0.25,1,1,1,1.0,1.0,1.0,TS,TS,TS,3RIMG_03NOV2023_1115_L2B_CMK_V01R00.h5,12553225.0,True,Frozen Phase 8D Model B probability,0.0,1.0
VOCI,VOCI_TS_02_20231103T08,thunderstorm_episode,2023-11-03 13:00:00+00:00,1.0,1.0,0.0,116.0,1,2023-11-03 11:15:00+00:00,2023-11-03 11:15:27+00:00,2023-11-03 11:42:20+00:00,77.66666666666667,25.75,91.44487,1007.5785,5.0528407,3.6,100.0,610.0,-27.0,-2.6,100,4.6,0.28,0.2,0.18,1,1,1,1.0,1.0,1.0,TS,TS,TS,3RIMG_03NOV2023_1115_L2B_CMK_V01R00.h5,12553225.0,True,Frozen Phase 8D Model B probability,0.0,1.0
VOCI,VOCI_TS_02_20231103T08,thunderstorm_episode,2023-11-03 15:00:00+00:00,1.0,1.0,0.0,116.0,1,2023-11-03 14:15:00+00:00,2023-11-03 14:15:26+00:00,2023-11-03 14:42:20+00:00,17.666666666666668,24.8,97.05314,1009.3736,3.219938,0.0,100.0,320.0,-21.0,-2.7,100,0.9,0.275,0.165,0.065,1,1,1,1.0,1.0,1.0,TS,TS,TS,3RIMG_03NOV2023_1415_L2B_CMK_V01R00.h5,12553871.0,True,Frozen Phase 8D Model B probability,0.0,1.0
VOCI,VOCI_TS_02_20231103T08,thunderstorm_episode,2023-11-03 16:00:00+00:00,1.0,1.0,0.0,116.0,1,2023-11-03 14:15:00+00:00,2023-11-03 14:15:26+00:00,2023-11-03 14:42:20+00:00,77.66666666666667,24.6,96.17844,1009.6727,3.8773184,0.0,100.0,280.0,-11.0,-2.1,100,1.9,0.115,0.035,0.015,1,0,0,1.0,1.0,1.0,TS,TS,TS,3RIMG_03NOV2023_1415_L2B_CMK_V01R00.h5,12553871.0,True,Frozen Phase 8D Model B probability,0.0,1.0
VOCI,VOCI_TS_02_20231103T08,thunderstorm_episode,2023-11-03 17:00:00+00:00,1.0,1.0,0.0,116.0,1,2023-11-03 16:15:00+00:00,2023-11-03 16:15:27+00:00,2023-11-03 16:42:21+00:00,17.65,24.15,98.21406,1010.07117,5.815978,0.6,100.0,260.0,-10.0,-2.0,100,1.4,0.045,0.015,0.02,0,0,0,1.0,1.0,1.0,TS,TS,TS,3RIMG_03NOV2023_1615_L2B_CMK_V01R00.h5,12554279.0,True,Frozen Phase 8D Model B probability,0.0,1.0
VOCI,VOCI_TS_02_20231103T08,thunderstorm_episode,2023-11-03 18:00:00+00:00,1.0,1.0,0.0,116.0,1,2023-11-03 16:15:00+00:00,2023-11-03 16:15:27+00:00,2023-11-03 16:42:21+00:00,77.65,24.15,99.10353,1010.07117,4.829907,0.1,100.0,270.0,-15.0,-2.0,100,2.3,0.035,0.01,0.015,0,0,0,1.0,1.0,1.0,TS,TS,TS,3RIMG_03NOV2023_1615_L2B_CMK_V01R00.h5,12554279.0,True,Frozen Phase 8D Model B probability,0.0,1.0
