filename,n_events,n_groups,n_flashes,min_latitude,max_latitude,min_longitude,max_longitude,observation_start_time,observation_end_time,n_valid_geolocated_observations,open_backend
TRMM_LIS_SC.05.0_2013.365.91865.nc,1987,390,25,-31.0469913482666,35.46873092651367,25.76117515563965,149.95359802246094,2013-12-31T22:59:17.194568+00:00,2013-12-31T23:36:09.463184+00:00,25,netCDF4
TRMM_LIS_SC.05.0_2014.001.91866.nc,2425,529,44,-35.558815002441406,37.04716873168945,-60.865875244140625,150.5687713623047,2014-01-01T00:25:54.697986+00:00,2014-01-01T01:55:38.908908+00:00,44,netCDF4
TRMM_LIS_SC.05.0_2014.001.91867.nc,1595,376,52,-0.9491630792617798,33.038665771484375,32.494873046875,146.37820434570312,2014-01-01T02:20:04.129947+00:00,2014-01-01T02:51:04.827869+00:00,52,netCDF4
TRMM_LIS_SC.05.0_2014.001.91868.nc,3723,863,50,-31.318233489990234,29.887046813964844,-126.79517364501953,52.81311798095703,2014-01-01T03:37:25.703601+00:00,2014-01-01T04:56:11.719531+00:00,50,netCDF4
TRMM_LIS_SC.05.0_2014.001.91869.nc,2426,600,74,-25.569759368896484,31.206253051757812,-169.2617950439453,156.98326110839844,2014-01-01T05:11:28.569186+00:00,2014-01-01T06:23:02.506168+00:00,74,netCDF4
TRMM_LIS_SC.05.0_2014.001.91870.nc,15808,2220,178,-20.402856826782227,7.549598217010498,-66.56358337402344,138.1962890625,2014-01-01T06:48:34.553470+00:00,2014-01-01T07:47:25.550006+00:00,178,netCDF4
TRMM_LIS_SC.05.0_2014.001.91871.nc,12780,3099,238,-22.29457664489746,36.570152282714844,-76.28314208984375,131.9052734375,2014-01-01T08:25:05.904666+00:00,2014-01-01T09:25:38.894504+00:00,238,netCDF4
TRMM_LIS_SC.05.0_2014.001.91872.nc,1431,278,13,-30.363086700439453,6.181515216827393,-80.45941162109375,129.79295349121094,2014-01-01T10:04:27.559131+00:00,2014-01-01T11:04:08.353214+00:00,13,netCDF4
TRMM_LIS_SC.05.0_2014.001.91873.nc,301,64,5,-35.34311294555664,-20.00443458557129,-144.8514862060547,131.9207763671875,2014-01-01T11:25:00.565295+00:00,2014-01-01T12:42:41.575961+00:00,5,netCDF4
TRMM_LIS_SC.05.0_2014.001.91874.nc,6373,1473,143,-27.595182418823242,17.635889053344727,-173.0841827392578,50.5419807434082,2014-01-01T12:54:36.881183+00:00,2014-01-01T13:59:50.891620+00:00,143,netCDF4
TRMM_LIS_SC.05.0_2014.001.91875.nc,15648,3383,300,-35.36710739135742,6.914726257324219,0.6270714402198792,169.46078491210938,2014-01-01T14:19:39.428821+00:00,2014-01-01T15:37:45.623996+00:00,300,netCDF4
TRMM_LIS_SC.05.0_2014.001.91877.nc,11151,3381,303,-32.87221145629883,4.308852195739746,-42.424381256103516,148.8790740966797,2014-01-01T17:35:33.528156+00:00,2014-01-01T18:50:13.990543+00:00,303,netCDF4
TRMM_LIS_SC.05.0_2014.001.91878.nc,2641,643,74,-12.040209770202637,3.0218493938446045,-65.26750946044922,125.16692352294922,2014-01-01T19:11:50.967899+00:00,2014-01-01T20:08:07.616687+00:00,74,netCDF4
TRMM_LIS_SC.05.0_2014.001.91879.nc,16767,3235,285,-27.238143920898438,7.4336042404174805,-78.35066986083984,117.65006256103516,2014-01-01T20:40:32.457721+00:00,2014-01-01T21:48:08.478900+00:00,285,netCDF4
TRMM_LIS_SC.05.0_2014.001.91880.nc,7589,2296,201,-30.945837020874023,37.83904266357422,-68.0576400756836,163.42523193359375,2014-01-01T22:04:05.172473+00:00,2014-01-01T23:24:30.845538+00:00,201,netCDF4
TRMM_LIS_SC.05.0_2014.002.91882.nc,1614,337,42,-35.10359191894531,31.406055450439453,-51.09356689453125,155.91209411621094,2014-01-02T01:02:53.984286+00:00,2014-01-02T01:57:38.819690+00:00,42,netCDF4
TRMM_LIS_SC.05.0_2014.002.91883.nc,21961,5783,552,-36.100852966308594,26.912647247314453,-145.63035583496094,53.37934494018555,2014-01-02T02:37:03.817004+00:00,2014-01-02T03:56:03.372912+00:00,552,netCDF4
TRMM_LIS_SC.05.0_2014.002.91884.nc,7510,1491,201,-34.093441009521484,9.261256217956543,-67.17778015136719,152.22238159179688,2014-01-02T04:13:22.627322+00:00,2014-01-02T05:16:02.128726+00:00,201,netCDF4
TRMM_LIS_SC.05.0_2014.002.91885.nc,1301,340,43,-20.8167724609375,34.8599967956543,-69.0451431274414,147.6334991455078,2014-01-02T05:53:06.618350+00:00,2014-01-02T06:54:20.683444+00:00,43,netCDF4
TRMM_LIS_SC.05.0_2014.002.91886.nc,9830,2503,188,-29.15648651123047,36.63579559326172,-64.81639099121094,152.6771697998047,2014-01-02T07:33:12.519732+00:00,2014-01-02T08:36:03.705447+00:00,188,netCDF4
TRMM_LIS_SC.05.0_2014.002.91887.nc,201,77,5,25.746116638183594,34.62595748901367,28.21281623840332,53.10520935058594,2014-01-02T09:37:16.420275+00:00,2014-01-02T09:42:39.879214+00:00,5,netCDF4
TRMM_LIS_SC.05.0_2014.002.91888.nc,2373,515,21,-23.477516174316406,-20.36746597290039,-146.4659881591797,-137.0409393310547,2014-01-02T10:27:32.605838+00:00,2014-01-02T10:29:56.460238+00:00,21,netCDF4
TRMM_LIS_SC.05.0_2014.002.91889.nc,7538,1747,75,24.488065719604492,26.33364486694336,-92.92711639404297,-86.63976287841797,2014-01-02T12:24:27.031771+00:00,2014-01-02T12:26:18.544848+00:00,75,netCDF4
TRMM_LIS_SC.05.0_2014.002.91890.nc,51179,11391,1018,-24.44747543334961,6.565884590148926,3.126987934112549,48.06319808959961,2014-01-02T14:27:37.175494+00:00,2014-01-02T14:42:27.000125+00:00,1018,netCDF4
TRMM_LIS_SC.05.0_2014.002.91892.nc,2718,882,86,-30.157861709594727,-18.64518165588379,15.914468765258789,128.12103271484375,2014-01-02T16:38:23.227496+00:00,2014-01-02T17:54:10.417407+00:00,86,netCDF4
TRMM_LIS_SC.05.0_2014.002.91893.nc,4951,1402,165,-9.206045150756836,25.232336044311523,-92.09129333496094,125.87700653076172,2014-01-02T18:17:50.850268+00:00,2014-01-02T19:13:20.816317+00:00,165,netCDF4
TRMM_LIS_SC.05.0_2014.002.91894.nc,16061,3915,363,-24.58344268798828,34.92525100708008,-153.8850555419922,170.47982788085938,2014-01-02T19:51:53.886660+00:00,2014-01-02T20:52:43.702349+00:00,363,netCDF4
TRMM_LIS_SC.05.0_2014.002.91895.nc,19285,4145,575,-35.5239372253418,34.55364990234375,-155.14308166503906,171.14639282226562,2014-01-02T21:13:25.389987+00:00,2014-01-02T22:34:42.376010+00:00,575,netCDF4
TRMM_LIS_SC.05.0_2014.002.91896.nc,1622,487,42,-28.860986709594727,34.840885162353516,-158.34007263183594,172.43011474609375,2014-01-02T22:45:51.556353+00:00,2014-01-02T23:35:44.813784+00:00,42,netCDF4
TRMM_LIS_SC.05.0_2014.003.91897.nc,1198,207,22,-33.31259536743164,-6.581316947937012,-23.818605422973633,30.0229434967041,2014-01-03T00:12:45.588687+00:00,2014-01-03T00:28:36.422137+00:00,22,netCDF4
TRMM_LIS_SC.05.0_2014.003.91898.nc,7634,1358,79,-35.58924865722656,-1.0089191198349,-146.0264434814453,14.162893295288086,2014-01-03T01:41:53.906985+00:00,2014-01-03T03:00:04.423388+00:00,79,netCDF4
TRMM_LIS_SC.05.0_2014.003.91899.nc,2102,419,70,-28.40960121154785,-27.047014236450195,-58.52064514160156,-52.418113708496094,2014-01-03T03:20:16.807910+00:00,2014-01-03T03:22:44.927111+00:00,70,netCDF4
TRMM_LIS_SC.05.0_2014.003.91900.nc,6502,1496,194,-26.443038940429688,34.66328048706055,-65.20086669921875,147.69281005859375,2014-01-03T04:57:05.665774+00:00,2014-01-03T05:57:30.948931+00:00,194,netCDF4
TRMM_LIS_SC.05.0_2014.003.91901.nc,48157,12540,1440,-27.567228317260742,36.2800407409668,-73.50637817382812,152.67874145507812,2014-01-03T06:34:02.736102+00:00,2014-01-03T07:40:23.774493+00:00,1440,netCDF4
TRMM_LIS_SC.05.0_2014.003.91902.nc,8908,2357,194,-32.240684509277344,35.537837982177734,30.34286880493164,154.45578002929688,2014-01-03T08:41:09.992144+00:00,2014-01-03T09:18:45.575488+00:00,194,netCDF4
TRMM_LIS_SC.05.0_2014.003.91903.nc,158,40,4,-26.011747360229492,8.690878868103027,-136.7805633544922,70.59761810302734,2014-01-03T09:34:22.031741+00:00,2014-01-03T10:33:14.743899+00:00,4,netCDF4
TRMM_LIS_SC.05.0_2014.003.91904.nc,2532,557,27,-18.548463821411133,19.936803817749023,-146.53318786621094,59.92679977416992,2014-01-03T11:10:57.081439+00:00,2014-01-03T12:10:05.124728+00:00,27,netCDF4
TRMM_LIS_SC.05.0_2014.003.91905.nc,20006,4152,394,-31.543651580810547,-2.5190906524658203,22.595365524291992,156.99417114257812,2014-01-03T12:33:35.912524+00:00,2014-01-03T13:46:56.234195+00:00,394,netCDF4
TRMM_LIS_SC.05.0_2014.003.91906.nc,1734,446,23,-30.382450103759766,-9.725136756896973,14.45583724975586,46.97905731201172,2014-01-03T15:14:37.907840+00:00,2014-01-03T15:25:01.866198+00:00,23,netCDF4
TRMM_LIS_SC.05.0_2014.003.91908.nc,16579,3736,271,-32.75860595703125,35.24123001098633,-147.84388732910156,142.37530517578125,2014-01-03T17:20:25.351947+00:00,2014-01-03T18:36:01.341220+00:00,271,netCDF4
TRMM_LIS_SC.05.0_2014.003.91909.nc,40445,9882,898,-21.356069564819336,35.059654235839844,-147.40829467773438,124.01753234863281,2014-01-03T18:54:20.522753+00:00,2014-01-03T19:56:20.605639+00:00,898,netCDF4
TRMM_LIS_SC.05.0_2014.003.91910.nc,25729,6649,633,-32.406768798828125,34.40770721435547,-149.3192901611328,154.54864501953125,2014-01-03T20:12:15.681033+00:00,2014-01-03T21:34:44.860858+00:00,633,netCDF4
TRMM_LIS_SC.05.0_2014.003.91911.nc,4071,1002,108,-31.710174560546875,2.2290492057800293,-55.936283111572266,78.94844818115234,2014-01-03T21:49:26.358218+00:00,2014-01-03T23:10:44.926608+00:00,108,netCDF4
TRMM_LIS_SC.05.0_2014.003.91912.nc,2615,474,48,-22.2360782623291,7.054770469665527,14.891470909118652,57.52743911743164,2014-01-03T23:27:19.413974+00:00,2014-01-03T23:41:09.409732+00:00,48,netCDF4
TRMM_LIS_SC.05.0_2014.004.91913.nc,11992,2097,146,-31.235429763793945,-1.9796724319458008,-151.5032196044922,27.22458839416504,2014-01-04T00:54:02.175723+00:00,2014-01-04T02:05:40.531192+00:00,146,netCDF4
TRMM_LIS_SC.05.0_2014.004.91914.nc,978,175,34,-28.28797149658203,28.0410213470459,-44.76021194458008,178.24884033203125,2014-01-04T02:27:59.121341+00:00,2014-01-04T03:31:39.630161+00:00,34,netCDF4
TRMM_LIS_SC.05.0_2014.004.91915.nc,8197,2081,247,-23.451576232910156,33.30998992919922,-59.152103424072266,31.60190200805664,2014-01-04T04:02:55.686206+00:00,2014-01-04T04:31:17.178943+00:00,247,netCDF4
TRMM_LIS_SC.05.0_2014.004.91916.nc,23291,6062,571,-20.09211540222168,35.593868255615234,-69.57097625732422,145.337158203125,2014-01-04T05:39:15.357150+00:00,2014-01-04T06:42:22.087543+00:00,571,netCDF4
TRMM_LIS_SC.05.0_2014.004.91917.nc,26630,5997,592,-36.89653396606445,34.1124382019043,-74.15151977539062,165.7735137939453,2014-01-04T07:17:20.808994+00:00,2014-01-04T08:26:08.970157+00:00,592,netCDF4
TRMM_LIS_SC.05.0_2014.004.91918.nc,130,28,3,-25.707496643066406,-24.247867584228516,-136.25558471679688,-135.21633911132812,2014-01-04T08:38:37.540454+00:00,2014-01-04T08:39:17.679141+00:00,3,netCDF4
TRMM_LIS_SC.05.0_2014.004.91919.nc,1067,262,19,-37.700321197509766,-18.597740173339844,-140.25218200683594,167.4785614013672,2014-01-04T10:02:06.979129+00:00,2014-01-04T10:17:11.555682+00:00,19,netCDF4
TRMM_LIS_SC.05.0_2014.004.91920.nc,594,144,19,-21.24100112915039,15.90444278717041,-174.06874084472656,57.8483772277832,2014-01-04T11:45:41.258243+00:00,2014-01-04T12:52:27.922137+00:00,19,netCDF4
TRMM_LIS_SC.05.0_2014.004.91921.nc,21990,4575,402,-24.1940975189209,-6.325745582580566,-177.5552978515625,169.0357208251953,2014-01-04T13:20:07.826587+00:00,2014-01-04T14:28:48.731708+00:00,402,netCDF4
TRMM_LIS_SC.05.0_2014.004.91923.nc,8023,1895,178,-35.34039306640625,23.865678787231445,-83.0651626586914,155.52914428710938,2014-01-04T16:23:34.276630+00:00,2014-01-04T17:40:47.206546+00:00,178,netCDF4
TRMM_LIS_SC.05.0_2014.004.91924.nc,9431,2009,176,-21.601207733154297,3.9515221118927,-70.77346801757812,129.9991455078125,2014-01-04T17:59:41.238498+00:00,2014-01-04T19:02:49.529742+00:00,176,netCDF4
TRMM_LIS_SC.05.0_2014.004.91925.nc,15316,3973,411,-35.07984161376953,7.688307285308838,-77.59480285644531,115.43678283691406,2014-01-04T19:16:42.455005+00:00,2014-01-04T20:44:09.509647+00:00,411,netCDF4
TRMM_LIS_SC.05.0_2014.004.91926.nc,3089,666,43,-33.63676071166992,-14.36886978149414,-64.0828857421875,53.47616958618164,2014-01-04T20:53:43.030536+00:00,2014-01-04T22:12:52.715030+00:00,43,netCDF4
TRMM_LIS_SC.05.0_2014.004.91927.nc,2507,552,51,-26.159934997558594,-13.24488353729248,18.727819442749023,41.394676208496094,2014-01-04T22:31:35.305866+00:00,2014-01-04T22:39:10.819659+00:00,51,netCDF4
TRMM_LIS_SC.05.0_2014.004.91928.nc,14144,2233,154,-14.801701545715332,0.2595402002334595,-143.13328552246094,29.49085807800293,2014-01-05T00:10:47.431384+00:00,2014-01-05T01:07:54.968051+00:00,154,netCDF4
TRMM_LIS_SC.05.0_2014.005.91929.nc,3681,868,47,-33.65373611450195,26.802080154418945,-56.3555908203125,174.9855194091797,2014-01-05T01:29:30.737247+00:00,2014-01-05T02:33:47.075824+00:00,47,netCDF4
TRMM_LIS_SC.05.0_2014.005.91930.nc,7462,1659,119,-25.016220092773438,32.11708450317383,-55.29138946533203,163.2057647705078,2014-01-05T03:09:05.330081+00:00,2014-01-05T04:09:55.038577+00:00,119,netCDF4
TRMM_LIS_SC.05.0_2014.005.91931.nc,11068,2833,309,-15.411786079406738,33.54230880737305,-60.39404296875,146.61947631835938,2014-01-05T04:46:32.370395+00:00,2014-01-05T05:45:58.568622+00:00,309,netCDF4
TRMM_LIS_SC.05.0_2014.005.91932.nc,27181,6919,1143,-26.755653381347656,32.72742462158203,-47.88494873046875,150.88409423828125,2014-01-05T06:30:11.104388+00:00,2014-01-05T07:25:48.429461+00:00,1143,netCDF4
TRMM_LIS_SC.05.0_2014.005.91933.nc,3877,1055,94,-24.026992797851562,31.6666316986084,-77.81449127197266,121.5138931274414,2014-01-05T08:00:09.791125+00:00,2014-01-05T08:56:46.106189+00:00,94,netCDF4
TRMM_LIS_SC.05.0_2014.005.91934.nc,4458,1231,73,19.198139190673828,23.636455535888672,-85.04082489013672,-80.75729370117188,2014-01-05T09:38:00.261142+00:00,2014-01-05T09:41:01.230166+00:00,73,netCDF4
TRMM_LIS_SC.05.0_2014.005.91935.nc,580,118,10,-13.122797012329102,13.522950172424316,-113.66218566894531,55.57322692871094,2014-01-05T11:09:32.387591+00:00,2014-01-05T11:56:12.106357+00:00,10,netCDF4
TRMM_LIS_SC.05.0_2014.005.91936.nc,32227,7920,817,-24.90099334716797,-2.286039352416992,14.527921676635742,48.1675910949707,2014-01-05T13:21:38.964206+00:00,2014-01-05T13:33:26.355395+00:00,817,netCDF4
TRMM_LIS_SC.05.0_2014.005.91938.nc,9645,2178,150,-32.91975402832031,28.015544891357422,-161.38333129882812,156.7062225341797,2014-01-05T15:36:21.056796+00:00,2014-01-05T16:45:05.141772+00:00,150,netCDF4
TRMM_LIS_SC.05.0_2014.005.91939.nc,9771,2717,277,-33.2828369140625,3.4758803844451904,-66.23651123046875,130.9507598876953,2014-01-05T17:05:25.931033+00:00,2014-01-05T18:21:02.759021+00:00,277,netCDF4
TRMM_LIS_SC.05.0_2014.005.91940.nc,20786,5900,802,-24.46929359436035,5.427011489868164,-78.66719818115234,114.73138427734375,2014-01-05T18:41:47.050540+00:00,2014-01-05T19:43:11.708652+00:00,802,netCDF4
TRMM_LIS_SC.05.0_2014.005.91941.nc,4541,1170,86,-33.22429275512695,32.54766082763672,-156.7183837890625,143.73068237304688,2014-01-05T19:57:26.581851+00:00,2014-01-05T21:18:19.323398+00:00,86,netCDF4
TRMM_LIS_SC.05.0_2014.005.91942.nc,3013,539,52,-34.72248077392578,21.625045776367188,-158.46749877929688,60.48408126831055,2014-01-05T21:34:29.832324+00:00,2014-01-05T22:58:18.452533+00:00,52,netCDF4
TRMM_LIS_SC.05.0_2014.005.91943.nc,17420,3197,210,-35.60343933105469,-8.943805694580078,-46.75859451293945,25.088436126708984,2014-01-05T22:58:59.673129+00:00,2014-01-05T23:18:11.011401+00:00,210,netCDF4
TRMM_LIS_SC.05.0_2014.006.91944.nc,NA,NA,NA,-38.25,38.25,-179.75,179.75,2014-01-06T00:30:43.100000+00:00,2014-01-06T00:30:43.100000+00:00,19205,netCDF4
TRMM_LIS_SC.05.0_2014.006.91945.nc,630,199,29,-24.561479568481445,4.2381486892700195,-49.6158332824707,174.96630859375,2014-01-06T02:14:25.974857+00:00,2014-01-06T03:18:22.478717+00:00,29,netCDF4
TRMM_LIS_SC.05.0_2014.006.91946.nc,4481,1178,83,-35.2396125793457,7.881303310394287,-105.1462173461914,151.0530548095703,2014-01-06T03:38:34.494586+00:00,2014-01-06T04:50:10.454120+00:00,83,netCDF4
TRMM_LIS_SC.05.0_2014.006.91947.nc,27488,7333,774,-28.69561004638672,36.709571838378906,12.629495620727539,153.91636657714844,2014-01-06T05:51:41.462024+00:00,2014-01-06T06:31:23.397250+00:00,774,netCDF4
TRMM_LIS_SC.05.0_2014.006.91948.nc,6822,1394,83,-23.8424129486084,33.73875427246094,-77.81866455078125,120.59246826171875,2014-01-06T07:04:24.791110+00:00,2014-01-06T08:00:55.874210+00:00,83,netCDF4
TRMM_LIS_SC.05.0_2014.006.91949.nc,87,24,2,-0.200238898396492,-0.056783270090818405,62.59593963623047,62.61355209350586,2014-01-06T09:21:02.556445+00:00,2014-01-06T09:21:02.556445+00:00,2,netCDF4
TRMM_LIS_SC.05.0_2014.006.91950.nc,379,90,7,-10.72826862335205,-6.583318710327148,53.45555114746094,59.170284271240234,2014-01-06T10:57:46.661639+00:00,2014-01-06T11:00:42.314746+00:00,7,netCDF4
TRMM_LIS_SC.05.0_2014.006.91951.nc,24801,5622,563,-28.705224990844727,37.2670783996582,-71.8102798461914,158.79603576660156,2014-01-06T11:24:33.714847+00:00,2014-01-06T12:37:37.711948+00:00,563,netCDF4
TRMM_LIS_SC.05.0_2014.006.91954.nc,5000,1384,155,-32.30009078979492,4.562741279602051,-58.796932220458984,134.6819610595703,2014-01-06T16:11:10.699588+00:00,2014-01-06T17:24:50.516284+00:00,155,netCDF4
TRMM_LIS_SC.05.0_2014.006.91955.nc,22265,6061,693,-27.17423439025879,30.03075408935547,-84.7833480834961,170.17312622070312,2014-01-06T17:44:44.251621+00:00,2014-01-06T18:49:18.347858+00:00,693,netCDF4
TRMM_LIS_SC.05.0_2014.006.91956.nc,16325,4141,557,-33.377540588378906,25.669084548950195,-141.90501403808594,100.2325210571289,2014-01-06T19:02:06.785968+00:00,2014-01-06T20:24:39.837940+00:00,557,netCDF4
TRMM_LIS_SC.05.0_2014.006.91957.nc,6474,1186,82,-22.61507225036621,20.752613067626953,-152.23065185546875,58.056297302246094,2014-01-06T20:43:40.915149+00:00,2014-01-06T21:34:14.704700+00:00,82,netCDF4
TRMM_LIS_SC.05.0_2014.006.91958.nc,235,46,10,-10.405468940734863,27.85582733154297,31.240488052368164,96.42927551269531,2014-01-06T22:22:48.093005+00:00,2014-01-06T22:42:35.596927+00:00,10,netCDF4
TRMM_LIS_SC.05.0_2014.006.91959.nc,2324,632,72,-0.590950071811676,25.901819229125977,22.027036666870117,53.90764236450195,2014-01-07T00:00:09.325317+00:00,2014-01-07T00:11:39.595978+00:00,72,netCDF4
TRMM_LIS_SC.05.0_2014.007.91960.nc,2623,878,141,-29.2910099029541,28.373384475708008,-55.5595703125,109.7744140625,2014-01-07T01:15:49.346237+00:00,2014-01-07T02:01:40.827637+00:00,141,netCDF4
TRMM_LIS_SC.05.0_2014.007.91961.nc,6987,1717,112,-18.368541717529297,33.013336181640625,-52.478885650634766,152.1523895263672,2014-01-07T02:55:38.762878+00:00,2014-01-07T03:54:45.814423+00:00,112,netCDF4
TRMM_LIS_SC.05.0_2014.007.91962.nc,8425,2135,219,-24.580163955688477,37.08256530761719,-70.0000991821289,151.6806182861328,2014-01-07T04:29:39.612488+00:00,2014-01-07T05:34:47.217636+00:00,219,netCDF4
TRMM_LIS_SC.05.0_2014.007.91963.nc,2054,478,41,-7.546753883361816,36.84307861328125,-75.57113647460938,108.76618194580078,2014-01-07T06:09:06.666824+00:00,2014-01-07T07:00:23.135712+00:00,41,netCDF4
TRMM_LIS_SC.05.0_2014.007.91964.nc,1216,236,19,6.915175914764404,8.685721397399902,-85.47834777832031,-84.64285278320312,2014-01-07T07:44:59.740784+00:00,2014-01-07T07:46:24.560806+00:00,19,netCDF4
TRMM_LIS_SC.05.0_2014.007.91965.nc,2410,398,14,-19.114870071411133,-11.396602630615234,-150.58499145507812,71.6928482055664,2014-01-07T09:04:13.697891+00:00,2014-01-07T10:08:10.408203+00:00,14,netCDF4
TRMM_LIS_SC.05.0_2014.007.91966.nc,24965,6565,747,-20.262760162353516,0.0015790831530466676,24.469980239868164,49.56719970703125,2014-01-07T11:32:25.337708+00:00,2014-01-07T11:41:47.981461+00:00,747,netCDF4
TRMM_LIS_SC.05.0_2014.007.91967.nc,12665,3413,313,-26.502513885498047,-0.9926131367683411,5.037083148956299,166.6203155517578,2014-01-07T12:04:55.518799+00:00,2014-01-07T13:20:05.442093+00:00,313,netCDF4
TRMM_LIS_SC.05.0_2014.007.91969.nc,9951,2158,187,-32.919219970703125,0.32844817638397217,-49.95378112792969,142.80186462402344,2014-01-07T15:18:16.499924+00:00,2014-01-07T16:30:17.070694+00:00,187,netCDF4
TRMM_LIS_SC.05.0_2014.007.91970.nc,20556,5889,669,-18.367015838623047,0.17361637949943542,-62.117919921875,122.86900329589844,2014-01-07T16:51:51.402420+00:00,2014-01-07T17:50:08.913391+00:00,669,netCDF4
TRMM_LIS_SC.05.0_2014.007.91971.nc,17048,4964,610,-33.397098541259766,33.05119705200195,-76.20488739013672,169.2831573486328,2014-01-07T18:05:12.956375+00:00,2014-01-07T19:28:52.222183+00:00,610,netCDF4
TRMM_LIS_SC.05.0_2014.007.91972.nc,35507,10188,1271,-34.268218994140625,7.2735514640808105,-125.19257354736328,74.9681396484375,2014-01-07T19:43:40.382019+00:00,2014-01-07T21:07:16.906525+00:00,1271,netCDF4
TRMM_LIS_SC.05.0_2014.007.91973.nc,7198,1633,130,-15.876365661621094,28.16478729248047,25.031587600708008,177.39939880371094,2014-01-07T21:24:55.598938+00:00,2014-01-07T22:06:05.310883+00:00,130,netCDF4
TRMM_LIS_SC.05.0_2014.007.91974.nc,10750,2989,265,-37.87974166870117,-5.2934136390686035,-143.37709045410156,20.19562339782715,2014-01-07T22:42:48.207047+00:00,2014-01-07T23:58:17.029999+00:00,265,netCDF4
