station,station_lat,station_lon,event_id,event_start_utc,event_end_utc,case_type,control_reference_if_any,satellite_window_start_utc,satellite_window_end_utc,selection_reason
VABB,19.1005,72.8585,VABB_TS_01_20190924T13,2019-09-24T13:00:00+00:00,2019-09-25T02:00:00+00:00,thunderstorm_episode,,2019-09-24T11:00:00+00:00,2019-09-25T04:00:00+00:00,METAR thunderstorm_target=1 observed; 12 positive hours; year=2019 season=monsoon
VABB,19.1005,72.8585,VABB_CTL_01_20190924T13,2019-09-10T13:00:00+00:00,2019-09-11T02:00:00+00:00,control,VABB_TS_01_20190924T13,2019-09-10T11:00:00+00:00,2019-09-11T04:00:00+00:00,Same station; offset -14d; no thunderstorm_target or target_1h in ±6h pad; all hours observed
VABB,19.1005,72.8585,VABB_TS_02_20210608T22,2021-06-08T22:00:00+00:00,2021-06-09T10:00:00+00:00,thunderstorm_episode,,2021-06-08T20:00:00+00:00,2021-06-09T12:00:00+00:00,METAR thunderstorm_target=1 observed; 12 positive hours; year=2021 season=monsoon
VABB,19.1005,72.8585,VABB_CTL_02_20210608T22,2021-06-22T22:00:00+00:00,2021-06-23T10:00:00+00:00,control,VABB_TS_02_20210608T22,2021-06-22T20:00:00+00:00,2021-06-23T12:00:00+00:00,Same station; offset 14d; no thunderstorm_target or target_1h in ±6h pad; all hours observed
VABB,19.1005,72.8585,VABB_TS_03_20240610T15,2024-06-10T15:00:00+00:00,2024-06-11T01:00:00+00:00,thunderstorm_episode,,2024-06-10T13:00:00+00:00,2024-06-11T03:00:00+00:00,METAR thunderstorm_target=1 observed; 11 positive hours; year=2024 season=monsoon
VABB,19.1005,72.8585,VABB_CTL_03_20240610T15,2024-05-27T15:00:00+00:00,2024-05-28T01:00:00+00:00,control,VABB_TS_03_20240610T15,2024-05-27T13:00:00+00:00,2024-05-28T03:00:00+00:00,Same station; offset -14d; no thunderstorm_target or target_1h in ±6h pad; all hours observed
VABB,19.1005,72.8585,VABB_TS_04_20241014T11,2024-10-14T11:00:00+00:00,2024-10-14T21:00:00+00:00,thunderstorm_episode,,2024-10-14T09:00:00+00:00,2024-10-14T23:00:00+00:00,METAR thunderstorm_target=1 observed; 11 positive hours; year=2024 season=post_monsoon
VABB,19.1005,72.8585,VABB_CTL_04_20241014T11,2024-09-30T11:00:00+00:00,2024-09-30T21:00:00+00:00,control,VABB_TS_04_20241014T11,2024-09-30T09:00:00+00:00,2024-09-30T23:00:00+00:00,Same station; offset -14d; no thunderstorm_target or target_1h in ±6h pad; all hours observed
VABB,19.1005,72.8585,VABB_TS_05_20250614T14,2025-06-14T14:00:00+00:00,2025-06-15T01:00:00+00:00,thunderstorm_episode,,2025-06-14T12:00:00+00:00,2025-06-15T03:00:00+00:00,METAR thunderstorm_target=1 observed; 12 positive hours; year=2025 season=monsoon
VABB,19.1005,72.8585,VABB_CTL_05_20250614T14,2025-05-31T14:00:00+00:00,2025-06-01T01:00:00+00:00,control,VABB_TS_05_20250614T14,2025-05-31T12:00:00+00:00,2025-06-01T03:00:00+00:00,Same station; offset -14d; no thunderstorm_target or target_1h in ±6h pad; all hours observed
VECC,22.6547,88.4467,VECC_TS_06_20170619T10,2017-06-19T10:00:00+00:00,2017-06-20T01:00:00+00:00,thunderstorm_episode,,2017-06-19T08:00:00+00:00,2017-06-20T03:00:00+00:00,METAR thunderstorm_target=1 observed; 15 positive hours; year=2017 season=monsoon
VECC,22.6547,88.4467,VECC_CTL_06_20170619T10,2017-06-05T10:00:00+00:00,2017-06-06T01:00:00+00:00,control,VECC_TS_06_20170619T10,2017-06-05T08:00:00+00:00,2017-06-06T03:00:00+00:00,Same station; offset -14d; no thunderstorm_target or target_1h in ±6h pad; all hours observed
VECC,22.6547,88.4467,VECC_TS_07_20210527T03,2021-05-27T03:00:00+00:00,2021-05-27T16:00:00+00:00,thunderstorm_episode,,2021-05-27T01:00:00+00:00,2021-05-27T18:00:00+00:00,METAR thunderstorm_target=1 observed; 14 positive hours; year=2021 season=pre_monsoon
VECC,22.6547,88.4467,VECC_CTL_07_20210527T03,2021-05-13T03:00:00+00:00,2021-05-13T16:00:00+00:00,control,VECC_TS_07_20210527T03,2021-05-13T01:00:00+00:00,2021-05-13T18:00:00+00:00,Same station; offset -14d; no thunderstorm_target or target_1h in ±6h pad; all hours observed
VECC,22.6547,88.4467,VECC_TS_08_20210919T18,2021-09-19T18:00:00+00:00,2021-09-20T08:00:00+00:00,thunderstorm_episode,,2021-09-19T16:00:00+00:00,2021-09-20T10:00:00+00:00,METAR thunderstorm_target=1 observed; 15 positive hours; year=2021 season=monsoon
VECC,22.6547,88.4467,VECC_CTL_08_20210919T18,2021-10-10T18:00:00+00:00,2021-10-11T08:00:00+00:00,control,VECC_TS_08_20210919T18,2021-10-10T16:00:00+00:00,2021-10-11T10:00:00+00:00,Same station; offset 21d; no thunderstorm_target or target_1h in ±6h pad; all hours observed
VECC,22.6547,88.4467,VECC_TS_09_20230922T20,2023-09-22T20:00:00+00:00,2023-09-23T09:00:00+00:00,thunderstorm_episode,,2023-09-22T18:00:00+00:00,2023-09-23T11:00:00+00:00,METAR thunderstorm_target=1 observed; 12 positive hours; year=2023 season=monsoon
VECC,22.6547,88.4467,VECC_CTL_09_20230922T20,2023-10-06T20:00:00+00:00,2023-10-07T09:00:00+00:00,control,VECC_TS_09_20230922T20,2023-10-06T18:00:00+00:00,2023-10-07T11:00:00+00:00,Same station; offset 14d; no thunderstorm_target or target_1h in ±6h pad; all hours observed
VECC,22.6547,88.4467,VECC_TS_10_20240506T13,2024-05-06T13:00:00+00:00,2024-05-07T01:00:00+00:00,thunderstorm_episode,,2024-05-06T11:00:00+00:00,2024-05-07T03:00:00+00:00,METAR thunderstorm_target=1 observed; 13 positive hours; year=2024 season=pre_monsoon
VECC,22.6547,88.4467,VECC_CTL_10_20240506T13,2024-04-22T13:00:00+00:00,2024-04-23T01:00:00+00:00,control,VECC_TS_10_20240506T13,2024-04-22T11:00:00+00:00,2024-04-23T03:00:00+00:00,Same station; offset -14d; no thunderstorm_target or target_1h in ±6h pad; all hours observed
VIDP,28.5667,77.1167,VIDP_TS_11_20200812T15,2020-08-12T15:00:00+00:00,2020-08-13T00:00:00+00:00,thunderstorm_episode,,2020-08-12T13:00:00+00:00,2020-08-13T02:00:00+00:00,METAR thunderstorm_target=1 observed; 10 positive hours; year=2020 season=monsoon
VIDP,28.5667,77.1167,VIDP_CTL_11_20200812T15,2020-07-29T15:00:00+00:00,2020-07-30T00:00:00+00:00,control,VIDP_TS_11_20200812T15,2020-07-29T13:00:00+00:00,2020-07-30T02:00:00+00:00,Same station; offset -14d; no thunderstorm_target or target_1h in ±6h pad; all hours observed
VIDP,28.5667,77.1167,VIDP_TS_12_20210910T23,2021-09-10T23:00:00+00:00,2021-09-11T12:00:00+00:00,thunderstorm_episode,,2021-09-10T21:00:00+00:00,2021-09-11T14:00:00+00:00,METAR thunderstorm_target=1 observed; 14 positive hours; year=2021 season=monsoon
VIDP,28.5667,77.1167,VIDP_CTL_12_20210910T23,2021-08-27T23:00:00+00:00,2021-08-28T12:00:00+00:00,control,VIDP_TS_12_20210910T23,2021-08-27T21:00:00+00:00,2021-08-28T14:00:00+00:00,Same station; offset -14d; no thunderstorm_target or target_1h in ±6h pad; all hours observed
VIDP,28.5667,77.1167,VIDP_TS_13_20220107T19,2022-01-07T19:00:00+00:00,2022-01-08T07:00:00+00:00,thunderstorm_episode,,2022-01-07T17:00:00+00:00,2022-01-08T09:00:00+00:00,METAR thunderstorm_target=1 observed; 13 positive hours; year=2022 season=winter
VIDP,28.5667,77.1167,VIDP_CTL_13_20220107T19,2021-12-24T19:00:00+00:00,2021-12-25T07:00:00+00:00,control,VIDP_TS_13_20220107T19,2021-12-24T17:00:00+00:00,2021-12-25T09:00:00+00:00,Same station; offset -14d; no thunderstorm_target or target_1h in ±6h pad; all hours observed
VIDP,28.5667,77.1167,VIDP_TS_14_20231109T22,2023-11-09T22:00:00+00:00,2023-11-10T08:00:00+00:00,thunderstorm_episode,,2023-11-09T20:00:00+00:00,2023-11-10T10:00:00+00:00,METAR thunderstorm_target=1 observed; 9 positive hours; year=2023 season=post_monsoon
VIDP,28.5667,77.1167,VIDP_CTL_14_20231109T22,2023-10-26T22:00:00+00:00,2023-10-27T08:00:00+00:00,control,VIDP_TS_14_20231109T22,2023-10-26T20:00:00+00:00,2023-10-27T10:00:00+00:00,Same station; offset -14d; no thunderstorm_target or target_1h in ±6h pad; all hours observed
VIDP,28.5667,77.1167,VIDP_TS_15_20241227T01,2024-12-27T01:00:00+00:00,2024-12-27T15:00:00+00:00,thunderstorm_episode,,2024-12-26T23:00:00+00:00,2024-12-27T17:00:00+00:00,METAR thunderstorm_target=1 observed; 14 positive hours; year=2024 season=post_monsoon
VIDP,28.5667,77.1167,VIDP_CTL_15_20241227T01,2025-01-10T01:00:00+00:00,2025-01-10T15:00:00+00:00,control,VIDP_TS_15_20241227T01,2025-01-09T23:00:00+00:00,2025-01-10T17:00:00+00:00,Same station; offset 14d; no thunderstorm_target or target_1h in ±6h pad; all hours observed
VOCI,10.15,76.4,VOCI_TS_16_20170512T11,2017-05-12T11:00:00+00:00,2017-05-13T01:00:00+00:00,thunderstorm_episode,,2017-05-12T09:00:00+00:00,2017-05-13T03:00:00+00:00,METAR thunderstorm_target=1 observed; 14 positive hours; year=2017 season=pre_monsoon
VOCI,10.15,76.4,VOCI_CTL_16_20170512T11,2017-06-02T11:00:00+00:00,2017-06-03T01:00:00+00:00,control,VOCI_TS_16_20170512T11,2017-06-02T09:00:00+00:00,2017-06-03T03:00:00+00:00,Same station; offset 21d; no thunderstorm_target or target_1h in ±6h pad; all hours observed
VOCI,10.15,76.4,VOCI_TS_17_20171102T11,2017-11-02T11:00:00+00:00,2017-11-02T18:00:00+00:00,thunderstorm_episode,,2017-11-02T09:00:00+00:00,2017-11-02T20:00:00+00:00,METAR thunderstorm_target=1 observed; 8 positive hours; year=2017 season=post_monsoon
VOCI,10.15,76.4,VOCI_CTL_17_20171102T11,2017-11-23T11:00:00+00:00,2017-11-23T18:00:00+00:00,control,VOCI_TS_17_20171102T11,2017-11-23T09:00:00+00:00,2017-11-23T20:00:00+00:00,Same station; offset 21d; no thunderstorm_target or target_1h in ±6h pad; all hours observed
VOCI,10.15,76.4,VOCI_TS_18_20180928T09,2018-09-28T09:00:00+00:00,2018-09-28T17:00:00+00:00,thunderstorm_episode,,2018-09-28T07:00:00+00:00,2018-09-28T19:00:00+00:00,METAR thunderstorm_target=1 observed; 8 positive hours; year=2018 season=monsoon
VOCI,10.15,76.4,VOCI_CTL_18_20180928T09,2018-09-14T09:00:00+00:00,2018-09-14T17:00:00+00:00,control,VOCI_TS_18_20180928T09,2018-09-14T07:00:00+00:00,2018-09-14T19:00:00+00:00,Same station; offset -14d; no thunderstorm_target or target_1h in ±6h pad; all hours observed
VOCI,10.15,76.4,VOCI_TS_19_20190808T03,2019-08-08T03:00:00+00:00,2019-08-08T13:00:00+00:00,thunderstorm_episode,,2019-08-08T01:00:00+00:00,2019-08-08T15:00:00+00:00,METAR thunderstorm_target=1 observed; 10 positive hours; year=2019 season=monsoon
VOCI,10.15,76.4,VOCI_CTL_19_20190808T03,2019-07-25T03:00:00+00:00,2019-07-25T13:00:00+00:00,control,VOCI_TS_19_20190808T03,2019-07-25T01:00:00+00:00,2019-07-25T15:00:00+00:00,Same station; offset -14d; no thunderstorm_target or target_1h in ±6h pad; all hours observed
VOCI,10.15,76.4,VOCI_TS_20_20231103T08,2023-11-03T08:00:00+00:00,2023-11-03T21:00:00+00:00,thunderstorm_episode,,2023-11-03T06:00:00+00:00,2023-11-03T23:00:00+00:00,METAR thunderstorm_target=1 observed; 13 positive hours; year=2023 season=post_monsoon
VOCI,10.15,76.4,VOCI_CTL_20_20231103T08,2023-10-20T08:00:00+00:00,2023-10-20T21:00:00+00:00,control,VOCI_TS_20_20231103T08,2023-10-20T06:00:00+00:00,2023-10-20T23:00:00+00:00,Same station; offset -14d; no thunderstorm_target or target_1h in ±6h pad; all hours observed
VOTV,8.4667,76.95,VOTV_TS_21_20170518T08,2017-05-18T08:00:00+00:00,2017-05-18T21:00:00+00:00,thunderstorm_episode,,2017-05-18T06:00:00+00:00,2017-05-18T23:00:00+00:00,METAR thunderstorm_target=1 observed; 13 positive hours; year=2017 season=pre_monsoon
VOTV,8.4667,76.95,VOTV_CTL_21_20170518T08,2017-05-04T08:00:00+00:00,2017-05-04T21:00:00+00:00,control,VOTV_TS_21_20170518T08,2017-05-04T06:00:00+00:00,2017-05-04T23:00:00+00:00,Same station; offset -14d; no thunderstorm_target or target_1h in ±6h pad; all hours observed
VOTV,8.4667,76.95,VOTV_TS_22_20180413T06,2018-04-13T06:00:00+00:00,2018-04-13T22:00:00+00:00,thunderstorm_episode,,2018-04-13T04:00:00+00:00,2018-04-14T00:00:00+00:00,METAR thunderstorm_target=1 observed; 17 positive hours; year=2018 season=pre_monsoon
VOTV,8.4667,76.95,VOTV_TS_23_20180730T19,2018-07-30T19:00:00+00:00,2018-07-31T10:00:00+00:00,thunderstorm_episode,,2018-07-30T17:00:00+00:00,2018-07-31T12:00:00+00:00,METAR thunderstorm_target=1 observed; 16 positive hours; year=2018 season=monsoon
VOTV,8.4667,76.95,VOTV_CTL_23_20180730T19,2018-08-13T19:00:00+00:00,2018-08-14T10:00:00+00:00,control,VOTV_TS_23_20180730T19,2018-08-13T17:00:00+00:00,2018-08-14T12:00:00+00:00,Same station; offset 14d; no thunderstorm_target or target_1h in ±6h pad; all hours observed
VOTV,8.4667,76.95,VOTV_TS_24_20190524T09,2019-05-24T09:00:00+00:00,2019-05-24T21:00:00+00:00,thunderstorm_episode,,2019-05-24T07:00:00+00:00,2019-05-24T23:00:00+00:00,METAR thunderstorm_target=1 observed; 13 positive hours; year=2019 season=pre_monsoon
VOTV,8.4667,76.95,VOTV_TS_25_20210522T02,2021-05-22T02:00:00+00:00,2021-05-22T21:00:00+00:00,thunderstorm_episode,,2021-05-22T00:00:00+00:00,2021-05-22T23:00:00+00:00,METAR thunderstorm_target=1 observed; 18 positive hours; year=2021 season=pre_monsoon
