gId,filename,catalog_timestamp_utc,station,event_id,case_type,status,on_disk,size_bytes,opens,has_CMK,has_Latitude,has_Longitude,has_time,time_utc_decoded,time_vs_catalog_minutes,satellite_name,sensor_name,manifest_match,error
4946414,3RIMG_04MAY2017_0615_L2B_CMK_V01R00.h5,2017-05-04T06:15:00Z,VOTV,VOTV_CTL_03_20170518T08,control,OK,True,9555435,True,True,True,True,True,2017-05-04T06:15:00Z,0.0,INSAT-3DR,IMAGER,True,
4946738,3RIMG_04MAY2017_0915_L2B_CMK_V01R00.h5,2017-05-04T09:15:00Z,VOTV,VOTV_CTL_03_20170518T08,control,OK,True,9567460,True,True,True,True,True,2017-05-04T09:15:00Z,0.0,INSAT-3DR,IMAGER,True,
4946944,3RIMG_04MAY2017_1115_L2B_CMK_V01R00.h5,2017-05-04T11:15:00Z,VOTV,VOTV_CTL_03_20170518T08,control,OK,True,9586894,True,True,True,True,True,2017-05-04T11:15:00Z,0.0,INSAT-3DR,IMAGER,True,
4947250,3RIMG_04MAY2017_1415_L2B_CMK_V01R00.h5,2017-05-04T14:15:00Z,VOTV,VOTV_CTL_03_20170518T08,control,OK,True,9545902,True,True,True,True,True,2017-05-04T14:15:00Z,0.0,INSAT-3DR,IMAGER,True,
4947473,3RIMG_04MAY2017_1615_L2B_CMK_V01R00.h5,2017-05-04T16:15:00Z,VOTV,VOTV_CTL_03_20170518T08,control,OK,True,9526933,True,True,True,True,True,2017-05-04T16:15:00Z,0.0,INSAT-3DR,IMAGER,True,
4947769,3RIMG_04MAY2017_2245_L2B_CMK_V01R00.h5,2017-05-04T22:45:00Z,VOTV,VOTV_CTL_03_20170518T08,control,OK,True,9513844,True,True,True,True,True,2017-05-04T22:45:00Z,0.0,INSAT-3DR,IMAGER,True,
4987789,3RIMG_18MAY2017_0615_L2B_CMK_V01R00.h5,2017-05-18T06:15:00Z,VOTV,VOTV_TS_03_20170518T08,thunderstorm_episode,OK,True,9536295,True,True,True,True,True,2017-05-18T06:15:00Z,0.0,INSAT-3DR,IMAGER,True,
4988165,3RIMG_18MAY2017_0915_L2B_CMK_V01R00.h5,2017-05-18T09:15:00Z,VOTV,VOTV_TS_03_20170518T08,thunderstorm_episode,OK,True,9545977,True,True,True,True,True,2017-05-18T09:15:00Z,0.0,INSAT-3DR,IMAGER,True,
4988481,3RIMG_18MAY2017_1115_L2B_CMK_V01R00.h5,2017-05-18T11:15:00Z,VOTV,VOTV_TS_03_20170518T08,thunderstorm_episode,OK,True,9555829,True,True,True,True,True,2017-05-18T11:15:00Z,0.0,INSAT-3DR,IMAGER,True,
4989182,3RIMG_18MAY2017_1415_L2B_CMK_V01R00.h5,2017-05-18T14:15:00Z,VOTV,VOTV_TS_03_20170518T08,thunderstorm_episode,OK,True,9538594,True,True,True,True,True,2017-05-18T14:15:00Z,0.0,INSAT-3DR,IMAGER,True,
4989556,3RIMG_18MAY2017_1615_L2B_CMK_V01R00.h5,2017-05-18T16:15:00Z,VOTV,VOTV_TS_03_20170518T08,thunderstorm_episode,OK,True,9510555,True,True,True,True,True,2017-05-18T16:15:00Z,0.0,INSAT-3DR,IMAGER,True,
4990680,3RIMG_18MAY2017_2245_L2B_CMK_V01R00.h5,2017-05-18T22:45:00Z,VOTV,VOTV_TS_03_20170518T08,thunderstorm_episode,OK,True,9498842,True,True,True,True,True,2017-05-18T22:45:00Z,0.0,INSAT-3DR,IMAGER,True,
5042102,3RIMG_05JUN2017_0815_L2B_CMK_V01R00.h5,2017-06-05T08:15:00Z,VECC,VECC_CTL_01_20170619T10,control,OK,True,9543596,True,True,True,True,True,2017-06-05T08:15:00Z,0.0,INSAT-3DR,IMAGER,True,
5042514,3RIMG_05JUN2017_1215_L2B_CMK_V01R00.h5,2017-06-05T12:15:00Z,VECC,VECC_CTL_01_20170619T10,control,OK,True,9557782,True,True,True,True,True,2017-06-05T12:15:00Z,0.0,INSAT-3DR,IMAGER,True,
5042834,3RIMG_05JUN2017_1515_L2B_CMK_V01R00.h5,2017-06-05T15:15:00Z,VECC,VECC_CTL_01_20170619T10,control,OK,True,9487032,True,True,True,True,True,2017-06-05T15:15:00Z,0.0,INSAT-3DR,IMAGER,True,
5043286,3RIMG_05JUN2017_1945_L2B_CMK_V01R00.h5,2017-06-05T19:45:00Z,VECC,VECC_CTL_01_20170619T10,control,OK,True,9457769,True,True,True,True,True,2017-06-05T19:45:00Z,0.0,INSAT-3DR,IMAGER,True,
5043574,3RIMG_05JUN2017_2245_L2B_CMK_V01R00.h5,2017-06-05T22:45:00Z,VECC,VECC_CTL_01_20170619T10,control,OK,True,9475120,True,True,True,True,True,2017-06-05T22:45:00Z,0.0,INSAT-3DR,IMAGER,True,
5044268,3RIMG_06JUN2017_0245_L2B_CMK_V01R00.h5,2017-06-06T02:45:00Z,VECC,VECC_CTL_01_20170619T10,control,OK,True,9514973,True,True,True,True,True,2017-06-06T02:45:00Z,0.0,INSAT-3DR,IMAGER,True,
5088143,3RIMG_19JUN2017_0815_L2B_CMK_V01R00.h5,2017-06-19T08:15:00Z,VECC,VECC_TS_01_20170619T10,thunderstorm_episode,OK,True,9527439,True,True,True,True,True,2017-06-19T08:15:00Z,0.0,INSAT-3DR,IMAGER,True,
5088907,3RIMG_19JUN2017_1215_L2B_CMK_V01R00.h5,2017-06-19T12:15:00Z,VECC,VECC_TS_01_20170619T10,thunderstorm_episode,OK,True,9526734,True,True,True,True,True,2017-06-19T12:15:00Z,0.0,INSAT-3DR,IMAGER,True,
5089707,3RIMG_19JUN2017_1615_L2B_CMK_V01R00.h5,2017-06-19T16:15:00Z,VECC,VECC_TS_01_20170619T10,thunderstorm_episode,OK,True,9543361,True,True,True,True,True,2017-06-19T16:15:00Z,0.0,INSAT-3DR,IMAGER,True,
5090272,3RIMG_19JUN2017_1915_L2B_CMK_V01R00.h5,2017-06-19T19:15:00Z,VECC,VECC_TS_01_20170619T10,thunderstorm_episode,OK,True,9500754,True,True,True,True,True,2017-06-19T19:15:00Z,0.0,INSAT-3DR,IMAGER,True,
5091007,3RIMG_19JUN2017_2315_L2B_CMK_V01R00.h5,2017-06-19T23:15:00Z,VECC,VECC_TS_01_20170619T10,thunderstorm_episode,OK,True,9532636,True,True,True,True,True,2017-06-19T23:15:00Z,0.0,INSAT-3DR,IMAGER,True,
5091595,3RIMG_20JUN2017_0245_L2B_CMK_V01R00.h5,2017-06-20T02:45:00Z,VECC,VECC_TS_01_20170619T10,thunderstorm_episode,OK,True,9512015,True,True,True,True,True,2017-06-20T02:45:00Z,0.0,INSAT-3DR,IMAGER,True,
6345958,3RIMG_30JUL2018_1714_L2B_CMK_V01R00.h5,2018-07-30T17:14:00Z,VOTV,VOTV_TS_02_20180730T19,thunderstorm_episode,OK,True,9564009,True,True,True,True,True,2018-07-30T17:14:00Z,0.0,INSAT-3DR,IMAGER,True,
6346319,3RIMG_30JUL2018_2144_L2B_CMK_V01R00.h5,2018-07-30T21:44:00Z,VOTV,VOTV_TS_02_20180730T19,thunderstorm_episode,OK,True,9569121,True,True,True,True,True,2018-07-30T21:44:00Z,0.0,INSAT-3DR,IMAGER,True,
6346578,3RIMG_31JUL2018_0044_L2B_CMK_V01R00.h5,2018-07-31T00:44:00Z,VOTV,VOTV_TS_02_20180730T19,thunderstorm_episode,OK,True,9522578,True,True,True,True,True,2018-07-31T00:44:00Z,0.0,INSAT-3DR,IMAGER,True,
6347021,3RIMG_31JUL2018_0514_L2B_CMK_V01R00.h5,2018-07-31T05:14:00Z,VOTV,VOTV_TS_02_20180730T19,thunderstorm_episode,OK,True,9518899,True,True,True,True,True,2018-07-31T05:14:00Z,0.0,INSAT-3DR,IMAGER,True,
6347347,3RIMG_31JUL2018_0814_L2B_CMK_V01R00.h5,2018-07-31T08:14:00Z,VOTV,VOTV_TS_02_20180730T19,thunderstorm_episode,OK,True,9574897,True,True,True,True,True,2018-07-31T08:14:00Z,0.0,INSAT-3DR,IMAGER,True,
6347669,3RIMG_31JUL2018_1144_L2B_CMK_V01R00.h5,2018-07-31T11:44:00Z,VOTV,VOTV_TS_02_20180730T19,thunderstorm_episode,OK,True,9530731,True,True,True,True,True,2018-07-31T11:44:00Z,0.0,INSAT-3DR,IMAGER,True,
6381693,3RIMG_13AUG2018_1715_L2B_CMK_V01R00.h5,2018-08-13T17:15:00Z,VOTV,VOTV_CTL_02_20180730T19,control,OK,True,9581820,True,True,True,True,True,2018-08-13T17:15:00Z,0.0,INSAT-3DR,IMAGER,True,
6381859,3RIMG_13AUG2018_2145_L2B_CMK_V01R00.h5,2018-08-13T21:45:00Z,VOTV,VOTV_CTL_02_20180730T19,control,OK,True,9585597,True,True,True,True,True,2018-08-13T21:45:00Z,0.0,INSAT-3DR,IMAGER,True,
6382194,3RIMG_14AUG2018_0145_L2B_CMK_V01R00.h5,2018-08-14T01:45:00Z,VOTV,VOTV_CTL_02_20180730T19,control,OK,True,9564707,True,True,True,True,True,2018-08-14T01:45:00Z,0.0,INSAT-3DR,IMAGER,True,
6382503,3RIMG_14AUG2018_0445_L2B_CMK_V01R00.h5,2018-08-14T04:45:00Z,VOTV,VOTV_CTL_02_20180730T19,control,OK,True,9544722,True,True,True,True,True,2018-08-14T04:45:00Z,0.0,INSAT-3DR,IMAGER,True,
6383035,3RIMG_14AUG2018_0845_L2B_CMK_V01R00.h5,2018-08-14T08:45:00Z,VOTV,VOTV_CTL_02_20180730T19,control,OK,True,9588755,True,True,True,True,True,2018-08-14T08:45:00Z,0.0,INSAT-3DR,IMAGER,True,
6383330,3RIMG_14AUG2018_1145_L2B_CMK_V01R00.h5,2018-08-14T11:45:00Z,VOTV,VOTV_CTL_02_20180730T19,control,OK,True,9552170,True,True,True,True,True,2018-08-14T11:45:00Z,0.0,INSAT-3DR,IMAGER,True,
7530871,3RIMG_25JUL2019_0115_L2B_CMK_V01R00.h5,2019-07-25T01:15:00Z,VOCI,VOCI_CTL_03_20190808T03,control,OK,True,9586496,True,True,True,True,True,2019-07-25T01:15:00Z,0.0,INSAT-3DR,IMAGER,True,
7531825,3RIMG_25JUL2019_0415_L2B_CMK_V01R00.h5,2019-07-25T04:15:00Z,VOCI,VOCI_CTL_03_20190808T03,control,OK,True,9591080,True,True,True,True,True,2019-07-25T04:15:00Z,0.0,INSAT-3DR,IMAGER,True,
7532897,3RIMG_25JUL2019_0715_L2B_CMK_V01R00.h5,2019-07-25T07:15:00Z,VOCI,VOCI_CTL_03_20190808T03,control,OK,True,9581441,True,True,True,True,True,2019-07-25T07:15:00Z,0.0,INSAT-3DR,IMAGER,True,
7533554,3RIMG_25JUL2019_0915_L2B_CMK_V01R00.h5,2019-07-25T09:15:00Z,VOCI,VOCI_CTL_03_20190808T03,control,OK,True,9569964,True,True,True,True,True,2019-07-25T09:15:00Z,0.0,INSAT-3DR,IMAGER,True,
7534288,3RIMG_25JUL2019_1215_L2B_CMK_V01R00.h5,2019-07-25T12:15:00Z,VOCI,VOCI_CTL_03_20190808T03,control,OK,True,9563420,True,True,True,True,True,2019-07-25T12:15:00Z,0.0,INSAT-3DR,IMAGER,True,
7534741,3RIMG_25JUL2019_1445_L2B_CMK_V01R00.h5,2019-07-25T14:45:00Z,VOCI,VOCI_CTL_03_20190808T03,control,OK,True,9550448,True,True,True,True,True,2019-07-25T14:45:00Z,0.0,INSAT-3DR,IMAGER,True,
7568817,3RIMG_08AUG2019_0115_L2B_CMK_V01R00.h5,2019-08-08T01:15:00Z,VOCI,VOCI_TS_03_20190808T03,thunderstorm_episode,OK,True,9618591,True,True,True,True,True,2019-08-08T01:15:00Z,0.0,INSAT-3DR,IMAGER,True,
7569046,3RIMG_08AUG2019_0415_L2B_CMK_V01R00.h5,2019-08-08T04:15:00Z,VOCI,VOCI_TS_03_20190808T03,thunderstorm_episode,OK,True,9631653,True,True,True,True,True,2019-08-08T04:15:00Z,0.0,INSAT-3DR,IMAGER,True,
7569564,3RIMG_08AUG2019_0715_L2B_CMK_V01R00.h5,2019-08-08T07:15:00Z,VOCI,VOCI_TS_03_20190808T03,thunderstorm_episode,OK,True,9626495,True,True,True,True,True,2019-08-08T07:15:00Z,0.0,INSAT-3DR,IMAGER,True,
7569826,3RIMG_08AUG2019_0915_L2B_CMK_V01R00.h5,2019-08-08T09:15:00Z,VOCI,VOCI_TS_03_20190808T03,thunderstorm_episode,OK,True,9633577,True,True,True,True,True,2019-08-08T09:15:00Z,0.0,INSAT-3DR,IMAGER,True,
7570152,3RIMG_08AUG2019_1215_L2B_CMK_V01R00.h5,2019-08-08T12:15:00Z,VOCI,VOCI_TS_03_20190808T03,thunderstorm_episode,OK,True,9626209,True,True,True,True,True,2019-08-08T12:15:00Z,0.0,INSAT-3DR,IMAGER,True,
7570395,3RIMG_08AUG2019_1445_L2B_CMK_V01R00.h5,2019-08-08T14:45:00Z,VOCI,VOCI_TS_03_20190808T03,thunderstorm_episode,OK,True,9616324,True,True,True,True,True,2019-08-08T14:45:00Z,0.0,INSAT-3DR,IMAGER,True,
7645400,3RIMG_10SEP2019_1115_L2B_CMK_V01R00.h5,2019-09-10T11:15:00Z,VABB,VABB_CTL_01_20190924T13,control,OK,True,9602759,True,True,True,True,True,2019-09-10T11:15:00Z,0.0,INSAT-3DR,IMAGER,True,
7645746,3RIMG_10SEP2019_1415_L2B_CMK_V01R00.h5,2019-09-10T14:15:00Z,VABB,VABB_CTL_01_20190924T13,control,OK,True,9579599,True,True,True,True,True,2019-09-10T14:15:00Z,0.0,INSAT-3DR,IMAGER,True,
7646006,3RIMG_10SEP2019_1615_L2B_CMK_V01R00.h5,2019-09-10T16:15:00Z,VABB,VABB_CTL_01_20190924T13,control,OK,True,9590415,True,True,True,True,True,2019-09-10T16:15:00Z,0.0,INSAT-3DR,IMAGER,True,
7646289,3RIMG_10SEP2019_2315_L2B_CMK_V01R00.h5,2019-09-10T23:15:00Z,VABB,VABB_CTL_01_20190924T13,control,OK,True,9633366,True,True,True,True,True,2019-09-10T23:15:00Z,0.0,INSAT-3DR,IMAGER,True,
7646554,3RIMG_11SEP2019_0115_L2B_CMK_V01R00.h5,2019-09-11T01:15:00Z,VABB,VABB_CTL_01_20190924T13,control,OK,True,9629194,True,True,True,True,True,2019-09-11T01:15:00Z,0.0,INSAT-3DR,IMAGER,True,
7646834,3RIMG_11SEP2019_0345_L2B_CMK_V01R00.h5,2019-09-11T03:45:00Z,VABB,VABB_CTL_01_20190924T13,control,OK,True,9618198,True,True,True,True,True,2019-09-11T03:45:00Z,0.0,INSAT-3DR,IMAGER,True,
7679852,3RIMG_24SEP2019_1115_L2B_CMK_V01R00.h5,2019-09-24T11:15:00Z,VABB,VABB_TS_01_20190924T13,thunderstorm_episode,OK,True,9099829,True,True,True,True,True,2019-09-24T11:15:00Z,0.0,INSAT-3DR,IMAGER,True,
7680258,3RIMG_24SEP2019_1415_L2B_CMK_V01R00.h5,2019-09-24T14:15:00Z,VABB,VABB_TS_01_20190924T13,thunderstorm_episode,OK,True,9081849,True,True,True,True,True,2019-09-24T14:15:00Z,0.0,INSAT-3DR,IMAGER,True,
7680747,3RIMG_24SEP2019_1632_L2B_CMK_V01R00.h5,2019-09-24T16:32:00Z,VABB,VABB_TS_01_20190924T13,thunderstorm_episode,MISSING_DOWNLOAD,False,,False,False,False,False,False,,,,,False,prior_dns_network_error_do_not_retry
7682309,3RIMG_24SEP2019_2232_L2B_CMK_V01R00.h5,2019-09-24T22:32:00Z,VABB,VABB_TS_01_20190924T13,thunderstorm_episode,OK,True,9082536,True,True,True,True,True,2019-09-24T22:32:00Z,0.0,INSAT-3DR,IMAGER,True,
7681358,3RIMG_25SEP2019_0136_L2B_CMK_V01R00.h5,2019-09-25T01:36:00Z,VABB,VABB_TS_01_20190924T13,thunderstorm_episode,OK,True,9085015,True,True,True,True,True,2019-09-25T01:36:00Z,0.0,INSAT-3DR,IMAGER,True,
7682224,3RIMG_25SEP2019_0358_L2B_CMK_V01R00.h5,2019-09-25T03:58:00Z,VABB,VABB_TS_01_20190924T13,thunderstorm_episode,OK,True,9087234,True,True,True,True,True,2019-09-25T03:58:00Z,0.0,INSAT-3DR,IMAGER,True,
9839624,3RIMG_24DEC2021_1715_L2B_CMK_V01R00.h5,2021-12-24T17:15:00Z,VIDP,VIDP_CTL_03_20220107T19,control,OK,True,9571680,True,True,True,True,True,2021-12-24T17:15:00Z,0.0,INSAT-3DR,IMAGER,True,
9839792,3RIMG_24DEC2021_1915_L2B_CMK_V01R00.h5,2021-12-24T19:15:00Z,VIDP,VIDP_CTL_03_20220107T19,control,OK,True,9586817,True,True,True,True,True,2021-12-24T19:15:00Z,0.0,INSAT-3DR,IMAGER,True,
9840126,3RIMG_24DEC2021_2215_L2B_CMK_V01R00.h5,2021-12-24T22:15:00Z,VIDP,VIDP_CTL_03_20220107T19,control,OK,True,9596553,True,True,True,True,True,2021-12-24T22:15:00Z,0.0,INSAT-3DR,IMAGER,True,
9840286,3RIMG_25DEC2021_0015_L2B_CMK_V01R00.h5,2021-12-25T00:15:00Z,VIDP,VIDP_CTL_03_20220107T19,control,OK,True,9612623,True,True,True,True,True,2021-12-25T00:15:00Z,0.0,INSAT-3DR,IMAGER,True,
9841457,3RIMG_25DEC2021_0645_L2B_CMK_V01R00.h5,2021-12-25T06:45:00Z,VIDP,VIDP_CTL_03_20220107T19,control,OK,True,9580094,True,True,True,True,True,2021-12-25T06:45:00Z,0.0,INSAT-3DR,IMAGER,True,
9842117,3RIMG_25DEC2021_0845_L2B_CMK_V01R00.h5,2021-12-25T08:45:00Z,VIDP,VIDP_CTL_03_20220107T19,control,OK,True,9560183,True,True,True,True,True,2021-12-25T08:45:00Z,0.0,INSAT-3DR,IMAGER,True,
9877886,3RIMG_07JAN2022_1715_L2B_CMK_V01R00.h5,2022-01-07T17:15:00Z,VIDP,VIDP_TS_03_20220107T19,thunderstorm_episode,OK,True,9626222,True,True,True,True,True,2022-01-07T17:15:00Z,0.0,INSAT-3DR,IMAGER,True,
9878125,3RIMG_07JAN2022_2015_L2B_CMK_V01R00.h5,2022-01-07T20:15:00Z,VIDP,VIDP_TS_03_20220107T19,thunderstorm_episode,OK,True,9644416,True,True,True,True,True,2022-01-07T20:15:00Z,0.0,INSAT-3DR,IMAGER,True,
9878374,3RIMG_07JAN2022_2315_L2B_CMK_V01R00.h5,2022-01-07T23:15:00Z,VIDP,VIDP_TS_03_20220107T19,thunderstorm_episode,OK,True,9649100,True,True,True,True,True,2022-01-07T23:15:00Z,0.0,INSAT-3DR,IMAGER,True,
9878696,3RIMG_08JAN2022_0315_L2B_CMK_V01R00.h5,2022-01-08T03:15:00Z,VIDP,VIDP_TS_03_20220107T19,thunderstorm_episode,OK,True,9665697,True,True,True,True,True,2022-01-08T03:15:00Z,0.0,INSAT-3DR,IMAGER,True,
9879010,3RIMG_08JAN2022_0615_L2B_CMK_V01R00.h5,2022-01-08T06:15:00Z,VIDP,VIDP_TS_03_20220107T19,thunderstorm_episode,OK,True,9650473,True,True,True,True,True,2022-01-08T06:15:00Z,0.0,INSAT-3DR,IMAGER,True,
9879239,3RIMG_08JAN2022_0845_L2B_CMK_V01R00.h5,2022-01-08T08:45:00Z,VIDP,VIDP_TS_03_20220107T19,thunderstorm_episode,OK,True,9645174,True,True,True,True,True,2022-01-08T08:45:00Z,0.0,INSAT-3DR,IMAGER,True,
12472515,3RIMG_20OCT2023_0615_L2B_CMK_V01R00.h5,2023-10-20T06:15:00Z,VOCI,VOCI_CTL_02_20231103T08,control,OK,True,9590944,True,True,True,True,True,2023-10-20T06:15:00Z,0.0,INSAT-3DR,IMAGER,True,
12473275,3RIMG_20OCT2023_0915_L2B_CMK_V01R00.h5,2023-10-20T09:15:00Z,VOCI,VOCI_CTL_02_20231103T08,control,OK,True,9566985,True,True,True,True,True,2023-10-20T09:15:00Z,0.0,INSAT-3DR,IMAGER,True,
12473603,3RIMG_20OCT2023_1115_L2B_CMK_V01R00.h5,2023-10-20T11:15:00Z,VOCI,VOCI_CTL_02_20231103T08,control,OK,True,9561136,True,True,True,True,True,2023-10-20T11:15:00Z,0.0,INSAT-3DR,IMAGER,True,
12474125,3RIMG_20OCT2023_1415_L2B_CMK_V01R00.h5,2023-10-20T14:15:00Z,VOCI,VOCI_CTL_02_20231103T08,control,OK,True,9578883,True,True,True,True,True,2023-10-20T14:15:00Z,0.0,INSAT-3DR,IMAGER,True,
12474561,3RIMG_20OCT2023_1615_L2B_CMK_V01R00.h5,2023-10-20T16:15:00Z,VOCI,VOCI_CTL_02_20231103T08,control,OK,True,9576695,True,True,True,True,True,2023-10-20T16:15:00Z,0.0,INSAT-3DR,IMAGER,True,
12475661,3RIMG_20OCT2023_2245_L2B_CMK_V01R00.h5,2023-10-20T22:45:00Z,VOCI,VOCI_CTL_02_20231103T08,control,OK,True,9614455,True,True,True,True,True,2023-10-20T22:45:00Z,0.0,INSAT-3DR,IMAGER,True,
12551955,3RIMG_03NOV2023_0615_L2B_CMK_V01R00.h5,2023-11-03T06:15:00Z,VOCI,VOCI_TS_02_20231103T08,thunderstorm_episode,OK,True,9633741,True,True,True,True,True,2023-11-03T06:15:00Z,0.0,INSAT-3DR,IMAGER,True,
12552771,3RIMG_03NOV2023_0915_L2B_CMK_V01R00.h5,2023-11-03T09:15:00Z,VOCI,VOCI_TS_02_20231103T08,thunderstorm_episode,OK,True,9611979,True,True,True,True,True,2023-11-03T09:15:00Z,0.0,INSAT-3DR,IMAGER,True,
12553225,3RIMG_03NOV2023_1115_L2B_CMK_V01R00.h5,2023-11-03T11:15:00Z,VOCI,VOCI_TS_02_20231103T08,thunderstorm_episode,OK,True,9591824,True,True,True,True,True,2023-11-03T11:15:00Z,0.0,INSAT-3DR,IMAGER,True,
12553871,3RIMG_03NOV2023_1415_L2B_CMK_V01R00.h5,2023-11-03T14:15:00Z,VOCI,VOCI_TS_02_20231103T08,thunderstorm_episode,OK,True,9597873,True,True,True,True,True,2023-11-03T14:15:00Z,0.0,INSAT-3DR,IMAGER,True,
12554279,3RIMG_03NOV2023_1615_L2B_CMK_V01R00.h5,2023-11-03T16:15:00Z,VOCI,VOCI_TS_02_20231103T08,thunderstorm_episode,OK,True,9619979,True,True,True,True,True,2023-11-03T16:15:00Z,0.0,INSAT-3DR,IMAGER,True,
12555403,3RIMG_03NOV2023_2245_L2B_CMK_V01R00.h5,2023-11-03T22:45:00Z,VOCI,VOCI_TS_02_20231103T08,thunderstorm_episode,OK,True,9673875,True,True,True,True,True,2023-11-03T22:45:00Z,0.0,INSAT-3DR,IMAGER,True,
13452103,3RIMG_22APR2024_1115_L2B_CMK_V01R00.h5,2024-04-22T11:15:00Z,VECC,VECC_CTL_04_20240506T13,control,OK,True,9589467,True,True,True,True,True,2024-04-22T11:15:00Z,0.0,INSAT-3DR,IMAGER,True,
13452631,3RIMG_22APR2024_1445_L2B_CMK_V01R00.h5,2024-04-22T14:45:00Z,VECC,VECC_CTL_04_20240506T13,control,OK,True,9549432,True,True,True,True,True,2024-04-22T14:45:00Z,0.0,INSAT-3DR,IMAGER,True,
13453089,3RIMG_22APR2024_1645_L2B_CMK_V01R00.h5,2024-04-22T16:45:00Z,VECC,VECC_CTL_04_20240506T13,control,OK,True,9549916,True,True,True,True,True,2024-04-22T16:45:00Z,0.0,INSAT-3DR,IMAGER,True,
13454345,3RIMG_22APR2024_2315_L2B_CMK_V01R00.h5,2024-04-22T23:15:00Z,VECC,VECC_CTL_04_20240506T13,control,OK,True,9592561,True,True,True,True,True,2024-04-22T23:15:00Z,0.0,INSAT-3DR,IMAGER,True,
13454773,3RIMG_23APR2024_0115_L2B_CMK_V01R00.h5,2024-04-23T01:15:00Z,VECC,VECC_CTL_04_20240506T13,control,OK,True,9587709,True,True,True,True,True,2024-04-23T01:15:00Z,0.0,INSAT-3DR,IMAGER,True,
13455117,3RIMG_23APR2024_0245_L2B_CMK_V01R00.h5,2024-04-23T02:45:00Z,VECC,VECC_CTL_04_20240506T13,control,OK,True,9586792,True,True,True,True,True,2024-04-23T02:45:00Z,0.0,INSAT-3DR,IMAGER,True,
13522375,3RIMG_06MAY2024_1115_L2B_CMK_V01R00.h5,2024-05-06T11:15:00Z,VECC,VECC_TS_04_20240506T13,thunderstorm_episode,OK,True,9624450,True,True,True,True,True,2024-05-06T11:15:00Z,0.0,INSAT-3DR,IMAGER,True,
13522685,3RIMG_06MAY2024_1315_L2B_CMK_V01R00.h5,2024-05-06T13:15:00Z,VECC,VECC_TS_04_20240506T13,thunderstorm_episode,OK,True,9601362,True,True,True,True,True,2024-05-06T13:15:00Z,0.0,INSAT-3DR,IMAGER,True,
13522893,3RIMG_06MAY2024_1615_L2B_CMK_V01R00.h5,2024-05-06T16:15:00Z,VECC,VECC_TS_04_20240506T13,thunderstorm_episode,OK,True,9580629,True,True,True,True,True,2024-05-06T16:15:00Z,0.0,INSAT-3DR,IMAGER,True,
13523613,3RIMG_06MAY2024_2315_L2B_CMK_V01R00.h5,2024-05-06T23:15:00Z,VECC,VECC_TS_04_20240506T13,thunderstorm_episode,OK,True,9583955,True,True,True,True,True,2024-05-06T23:15:00Z,0.0,INSAT-3DR,IMAGER,True,
13523803,3RIMG_07MAY2024_0115_L2B_CMK_V01R00.h5,2024-05-07T01:15:00Z,VECC,VECC_TS_04_20240506T13,thunderstorm_episode,OK,True,9585491,True,True,True,True,True,2024-05-07T01:15:00Z,0.0,INSAT-3DR,IMAGER,True,
13524145,3RIMG_07MAY2024_0245_L2B_CMK_V01R00.h5,2024-05-07T02:45:00Z,VECC,VECC_TS_04_20240506T13,thunderstorm_episode,OK,True,9593093,True,True,True,True,True,2024-05-07T02:45:00Z,0.0,INSAT-3DR,IMAGER,True,
14828185,3RIMG_26DEC2024_2315_L2B_CMK_V01R00.h5,2024-12-26T23:15:00Z,VIDP,VIDP_TS_02_20241227T01,thunderstorm_episode,OK,True,9671367,True,True,True,True,True,2024-12-26T23:15:00Z,0.0,INSAT-3DR,IMAGER,True,
14828789,3RIMG_27DEC2024_0215_L2B_CMK_V01R00.h5,2024-12-27T02:15:00Z,VIDP,VIDP_TS_02_20241227T01,thunderstorm_episode,OK,True,9680308,True,True,True,True,True,2024-12-27T02:15:00Z,0.0,INSAT-3DR,IMAGER,True,
14830247,3RIMG_27DEC2024_0715_L2B_CMK_V01R00.h5,2024-12-27T07:15:00Z,VIDP,VIDP_TS_02_20241227T01,thunderstorm_episode,OK,True,9646476,True,True,True,True,True,2024-12-27T07:15:00Z,0.0,INSAT-3DR,IMAGER,True,
14831899,3RIMG_27DEC2024_1115_L2B_CMK_V01R00.h5,2024-12-27T11:15:00Z,VIDP,VIDP_TS_02_20241227T01,thunderstorm_episode,OK,True,9622245,True,True,True,True,True,2024-12-27T11:15:00Z,0.0,INSAT-3DR,IMAGER,True,
14832489,3RIMG_27DEC2024_1415_L2B_CMK_V01R00.h5,2024-12-27T14:15:00Z,VIDP,VIDP_TS_02_20241227T01,thunderstorm_episode,OK,True,9624130,True,True,True,True,True,2024-12-27T14:15:00Z,0.0,INSAT-3DR,IMAGER,True,
14833703,3RIMG_27DEC2024_1645_L2B_CMK_V01R00.h5,2024-12-27T16:45:00Z,VIDP,VIDP_TS_02_20241227T01,thunderstorm_episode,OK,True,9648155,True,True,True,True,True,2024-12-27T16:45:00Z,0.0,INSAT-3DR,IMAGER,True,
14898193,3RIMG_09JAN2025_2315_L2B_CMK_V01R00.h5,2025-01-09T23:15:00Z,VIDP,VIDP_CTL_02_20241227T01,control,OK,True,9667361,True,True,True,True,True,2025-01-09T23:15:00Z,0.0,INSAT-3DR,IMAGER,True,
14898973,3RIMG_10JAN2025_0345_L2B_CMK_V01R00.h5,2025-01-10T03:45:00Z,VIDP,VIDP_CTL_02_20241227T01,control,OK,True,9646185,True,True,True,True,True,2025-01-10T03:45:00Z,0.0,INSAT-3DR,IMAGER,True,
14899791,3RIMG_10JAN2025_0745_L2B_CMK_V01R00.h5,2025-01-10T07:45:00Z,VIDP,VIDP_CTL_02_20241227T01,control,OK,True,9615931,True,True,True,True,True,2025-01-10T07:45:00Z,0.0,INSAT-3DR,IMAGER,True,
14900455,3RIMG_10JAN2025_1045_L2B_CMK_V01R00.h5,2025-01-10T10:45:00Z,VIDP,VIDP_CTL_02_20241227T01,control,OK,True,9612781,True,True,True,True,True,2025-01-10T10:45:00Z,0.0,INSAT-3DR,IMAGER,True,
14901031,3RIMG_10JAN2025_1345_L2B_CMK_V01R00.h5,2025-01-10T13:45:00Z,VIDP,VIDP_CTL_02_20241227T01,control,OK,True,9594459,True,True,True,True,True,2025-01-10T13:45:00Z,0.0,INSAT-3DR,IMAGER,True,
14901601,3RIMG_10JAN2025_1645_L2B_CMK_V01R00.h5,2025-01-10T16:45:00Z,VIDP,VIDP_CTL_02_20241227T01,control,OK,True,9613617,True,True,True,True,True,2025-01-10T16:45:00Z,0.0,INSAT-3DR,IMAGER,True,
15607679,3RIMG_31MAY2025_1215_L2B_CMK_V01R00.h5,2025-05-31T12:15:00Z,VABB,VABB_CTL_03_20250614T14,control,OK,True,9628817,True,True,True,True,True,2025-05-31T12:15:00Z,0.0,INSAT-3DR,IMAGER,True,
15608231,3RIMG_31MAY2025_1515_L2B_CMK_V01R00.h5,2025-05-31T15:15:00Z,VABB,VABB_CTL_03_20250614T14,control,OK,True,9612385,True,True,True,True,True,2025-05-31T15:15:00Z,0.0,INSAT-3DR,IMAGER,True,
15608589,3RIMG_31MAY2025_1715_L2B_CMK_V01R00.h5,2025-05-31T17:15:00Z,VABB,VABB_CTL_03_20250614T14,control,OK,True,9618706,True,True,True,True,True,2025-05-31T17:15:00Z,0.0,INSAT-3DR,IMAGER,True,
15609475,3RIMG_31MAY2025_2145_L2B_CMK_V01R00.h5,2025-05-31T21:45:00Z,VABB,VABB_CTL_03_20250614T14,control,OK,True,9637698,True,True,True,True,True,2025-05-31T21:45:00Z,0.0,INSAT-3DR,IMAGER,True,
15610011,3RIMG_31MAY2025_2345_L2B_CMK_V01R00.h5,2025-05-31T23:45:00Z,VABB,VABB_CTL_03_20250614T14,control,OK,True,9643507,True,True,True,True,True,2025-05-31T23:45:00Z,0.0,INSAT-3DR,IMAGER,True,
15610591,3RIMG_01JUN2025_0245_L2B_CMK_V01R00.h5,2025-06-01T02:45:00Z,VABB,VABB_CTL_03_20250614T14,control,OK,True,9626573,True,True,True,True,True,2025-06-01T02:45:00Z,0.0,INSAT-3DR,IMAGER,True,
15682305,3RIMG_14JUN2025_1215_L2B_CMK_V01R00.h5,2025-06-14T12:15:00Z,VABB,VABB_TS_03_20250614T14,thunderstorm_episode,OK,True,9622637,True,True,True,True,True,2025-06-14T12:15:00Z,0.0,INSAT-3DR,IMAGER,True,
15682909,3RIMG_14JUN2025_1515_L2B_CMK_V01R00.h5,2025-06-14T15:15:00Z,VABB,VABB_TS_03_20250614T14,thunderstorm_episode,OK,True,9615547,True,True,True,True,True,2025-06-14T15:15:00Z,0.0,INSAT-3DR,IMAGER,True,
15683541,3RIMG_14JUN2025_1815_L2B_CMK_V01R00.h5,2025-06-14T18:15:00Z,VABB,VABB_TS_03_20250614T14,thunderstorm_episode,OK,True,9614822,True,True,True,True,True,2025-06-14T18:15:00Z,0.0,INSAT-3DR,IMAGER,True,
15684365,3RIMG_14JUN2025_2115_L2B_CMK_V01R00.h5,2025-06-14T21:15:00Z,VABB,VABB_TS_03_20250614T14,thunderstorm_episode,OK,True,9613945,True,True,True,True,True,2025-06-14T21:15:00Z,0.0,INSAT-3DR,IMAGER,True,
15685171,3RIMG_15JUN2025_0015_L2B_CMK_V01R00.h5,2025-06-15T00:15:00Z,VABB,VABB_TS_03_20250614T14,thunderstorm_episode,OK,True,9621586,True,True,True,True,True,2025-06-15T00:15:00Z,0.0,INSAT-3DR,IMAGER,True,
15685687,3RIMG_15JUN2025_0245_L2B_CMK_V01R00.h5,2025-06-15T02:45:00Z,VABB,VABB_TS_03_20250614T14,thunderstorm_episode,OK,True,9611164,True,True,True,True,True,2025-06-15T02:45:00Z,0.0,INSAT-3DR,IMAGER,True,
