case_id,case_type,station_id,timestamp_utc,lead_hours,target,baseline_probability,baseline_threshold_if_available,sat_observation_available,sat_cloud_mask_at_station,sat_cloudy_fraction_25km,sat_clear_fraction_25km,sat_valid_pixel_count_25km,sat_age_minutes,event_state,obs_cloud_cover_01,nwp_cloud_cover_01,sat_minus_nwp_cloud,nwp_cape
VABB_CTL_03_20250614T14,control,VABB,2025-05-31T14:00:00+00:00,1,0.0,0.03,0.065,1,0.0,0.2222222222222222,0.7777777777777778,108.0,77.51666666666667,lower_cloud_future_nonTS,1.0,1.0,-0.7777777777777778,540.0
VABB_CTL_03_20250614T14,control,VABB,2025-05-31T14:00:00+00:00,2,0.0,0.025,0.065,1,0.0,0.2222222222222222,0.7777777777777778,108.0,77.51666666666667,lower_cloud_future_nonTS,1.0,1.0,-0.7777777777777778,540.0
VABB_CTL_03_20250614T14,control,VABB,2025-05-31T14:00:00+00:00,3,0.0,0.025,0.065,1,0.0,0.2222222222222222,0.7777777777777778,108.0,77.51666666666667,lower_cloud_future_nonTS,1.0,1.0,-0.7777777777777778,540.0
VABB_CTL_03_20250614T14,control,VABB,2025-05-31T16:00:00+00:00,1,0.0,0.03,0.065,1,2.0,0.7314814814814815,0.2685185185185185,108.0,17.516666666666666,lower_cloud_future_nonTS,1.0,1.0,-0.2685185185185185,720.0
VABB_CTL_03_20250614T14,control,VABB,2025-05-31T16:00:00+00:00,2,0.0,0.035,0.065,1,2.0,0.7314814814814815,0.2685185185185185,108.0,17.516666666666666,lower_cloud_future_nonTS,1.0,1.0,-0.2685185185185185,720.0
VABB_CTL_03_20250614T14,control,VABB,2025-05-31T16:00:00+00:00,3,0.0,0.005,0.065,1,2.0,0.7314814814814815,0.2685185185185185,108.0,17.516666666666666,lower_cloud_future_nonTS,1.0,1.0,-0.2685185185185185,720.0
VABB_CTL_03_20250614T14,control,VABB,2025-05-31T17:00:00+00:00,1,0.0,0.01,0.065,1,2.0,0.7314814814814815,0.2685185185185185,108.0,77.51666666666667,lower_cloud_future_nonTS,1.0,1.0,-0.2685185185185185,880.0
VABB_CTL_03_20250614T14,control,VABB,2025-05-31T17:00:00+00:00,2,0.0,0.04,0.065,1,2.0,0.7314814814814815,0.2685185185185185,108.0,77.51666666666667,lower_cloud_future_nonTS,1.0,1.0,-0.2685185185185185,880.0
VABB_CTL_03_20250614T14,control,VABB,2025-05-31T17:00:00+00:00,3,0.0,0.005,0.065,1,2.0,0.7314814814814815,0.2685185185185185,108.0,77.51666666666667,lower_cloud_future_nonTS,1.0,1.0,-0.2685185185185185,880.0
VABB_CTL_03_20250614T14,control,VABB,2025-05-31T18:00:00+00:00,1,0.0,0.045,0.065,1,2.0,0.7037037037037037,0.2962962962962963,108.0,17.533333333333335,lower_cloud_future_nonTS,1.0,1.0,-0.2962962962962963,950.0
VABB_CTL_03_20250614T14,control,VABB,2025-05-31T18:00:00+00:00,2,0.0,0.06,0.065,1,2.0,0.7037037037037037,0.2962962962962963,108.0,17.533333333333335,lower_cloud_future_nonTS,1.0,1.0,-0.2962962962962963,950.0
VABB_CTL_03_20250614T14,control,VABB,2025-05-31T18:00:00+00:00,3,0.0,0.07,0.065,1,2.0,0.7037037037037037,0.2962962962962963,108.0,17.533333333333335,lower_cloud_future_nonTS,1.0,1.0,-0.2962962962962963,950.0
VABB_CTL_03_20250614T14,control,VABB,2025-05-31T19:00:00+00:00,1,0.0,0.065,0.065,1,2.0,0.7037037037037037,0.2962962962962963,108.0,77.53333333333333,lower_cloud_future_nonTS,1.0,1.0,-0.2962962962962963,720.0
VABB_CTL_03_20250614T14,control,VABB,2025-05-31T19:00:00+00:00,2,0.0,0.05,0.065,1,2.0,0.7037037037037037,0.2962962962962963,108.0,77.53333333333333,lower_cloud_future_nonTS,1.0,1.0,-0.2962962962962963,720.0
VABB_CTL_03_20250614T14,control,VABB,2025-05-31T19:00:00+00:00,3,0.0,0.055,0.065,1,2.0,0.7037037037037037,0.2962962962962963,108.0,77.53333333333333,lower_cloud_future_nonTS,1.0,1.0,-0.2962962962962963,720.0
VABB_CTL_03_20250614T14,control,VABB,2025-05-31T23:00:00+00:00,1,0.0,0.02,0.065,1,3.0,0.9722222222222222,0.0277777777777777,108.0,47.53333333333333,high_cloud_future_nonTS,1.0,1.0,-0.02777777777777779,340.0
VABB_CTL_03_20250614T14,control,VABB,2025-05-31T23:00:00+00:00,2,0.0,0.045,0.065,1,3.0,0.9722222222222222,0.0277777777777777,108.0,47.53333333333333,high_cloud_future_nonTS,1.0,1.0,-0.02777777777777779,340.0
VABB_CTL_03_20250614T14,control,VABB,2025-05-31T23:00:00+00:00,3,0.0,0.035,0.065,1,3.0,0.9722222222222222,0.0277777777777777,108.0,47.53333333333333,high_cloud_future_nonTS,1.0,1.0,-0.02777777777777779,340.0
VABB_CTL_03_20250614T14,control,VABB,2025-06-01T01:00:00+00:00,1,0.0,0.025,0.065,1,3.0,0.9444444444444444,0.0555555555555555,108.0,47.516666666666666,high_cloud_future_nonTS,1.0,1.0,-0.05555555555555558,360.0
VABB_CTL_03_20250614T14,control,VABB,2025-06-01T01:00:00+00:00,2,0.0,0.03,0.065,1,3.0,0.9444444444444444,0.0555555555555555,108.0,47.516666666666666,high_cloud_future_nonTS,1.0,1.0,-0.05555555555555558,360.0
VABB_CTL_03_20250614T14,control,VABB,2025-06-01T01:00:00+00:00,3,0.0,0.03,0.065,1,3.0,0.9444444444444444,0.0555555555555555,108.0,47.516666666666666,high_cloud_future_nonTS,1.0,1.0,-0.05555555555555558,360.0
VABB_TS_03_20250614T14,thunderstorm_episode,VABB,2025-06-14T14:00:00+00:00,1,1.0,0.26,0.065,1,1.0,1.0,0.0,108.0,77.5,high_cloud_future_TS,1.0,1.0,0.0,1740.0
VABB_TS_03_20250614T14,thunderstorm_episode,VABB,2025-06-14T14:00:00+00:00,2,1.0,0.205,0.065,1,1.0,1.0,0.0,108.0,77.5,high_cloud_future_TS,1.0,1.0,0.0,1740.0
VABB_TS_03_20250614T14,thunderstorm_episode,VABB,2025-06-14T14:00:00+00:00,3,1.0,0.19,0.065,1,1.0,1.0,0.0,108.0,77.5,high_cloud_future_TS,1.0,1.0,0.0,1740.0
VABB_TS_03_20250614T14,thunderstorm_episode,VABB,2025-06-14T16:00:00+00:00,1,1.0,0.17,0.065,1,1.0,1.0,0.0,108.0,17.5,high_cloud_future_TS,1.0,1.0,0.0,1340.0
VABB_TS_03_20250614T14,thunderstorm_episode,VABB,2025-06-14T16:00:00+00:00,2,1.0,0.12,0.065,1,1.0,1.0,0.0,108.0,17.5,high_cloud_future_TS,1.0,1.0,0.0,1340.0
VABB_TS_03_20250614T14,thunderstorm_episode,VABB,2025-06-14T16:00:00+00:00,3,1.0,0.095,0.065,1,1.0,1.0,0.0,108.0,17.5,high_cloud_future_TS,1.0,1.0,0.0,1340.0
VABB_TS_03_20250614T14,thunderstorm_episode,VABB,2025-06-14T17:00:00+00:00,1,1.0,0.105,0.065,1,1.0,1.0,0.0,108.0,77.5,high_cloud_future_TS,1.0,1.0,0.0,1290.0
VABB_TS_03_20250614T14,thunderstorm_episode,VABB,2025-06-14T17:00:00+00:00,2,1.0,0.095,0.065,1,1.0,1.0,0.0,108.0,77.5,high_cloud_future_TS,1.0,1.0,0.0,1290.0
VABB_TS_03_20250614T14,thunderstorm_episode,VABB,2025-06-14T17:00:00+00:00,3,1.0,0.105,0.065,1,1.0,1.0,0.0,108.0,77.5,high_cloud_future_TS,1.0,1.0,0.0,1290.0
VABB_TS_03_20250614T14,thunderstorm_episode,VABB,2025-06-14T19:00:00+00:00,1,1.0,0.16,0.065,1,1.0,1.0,0.0,108.0,17.483333333333334,high_cloud_future_TS,1.0,1.0,0.0,1100.0
VABB_TS_03_20250614T14,thunderstorm_episode,VABB,2025-06-14T19:00:00+00:00,2,1.0,0.085,0.065,1,1.0,1.0,0.0,108.0,17.483333333333334,high_cloud_future_TS,1.0,1.0,0.0,1100.0
VABB_TS_03_20250614T14,thunderstorm_episode,VABB,2025-06-14T19:00:00+00:00,3,1.0,0.155,0.065,1,1.0,1.0,0.0,108.0,17.483333333333334,high_cloud_future_TS,1.0,1.0,0.0,1100.0
VABB_TS_03_20250614T14,thunderstorm_episode,VABB,2025-06-14T20:00:00+00:00,1,1.0,0.1,0.065,1,1.0,1.0,0.0,108.0,77.48333333333333,high_cloud_future_TS,1.0,1.0,0.0,1060.0
VABB_TS_03_20250614T14,thunderstorm_episode,VABB,2025-06-14T20:00:00+00:00,2,1.0,0.095,0.065,1,1.0,1.0,0.0,108.0,77.48333333333333,high_cloud_future_TS,1.0,1.0,0.0,1060.0
VABB_TS_03_20250614T14,thunderstorm_episode,VABB,2025-06-14T20:00:00+00:00,3,1.0,0.09,0.065,1,1.0,1.0,0.0,108.0,77.48333333333333,high_cloud_future_TS,1.0,1.0,0.0,1060.0
VABB_TS_03_20250614T14,thunderstorm_episode,VABB,2025-06-14T22:00:00+00:00,1,1.0,0.14,0.065,1,1.0,1.0,0.0,108.0,17.5,high_cloud_future_TS,1.0,1.0,0.0,860.0
VABB_TS_03_20250614T14,thunderstorm_episode,VABB,2025-06-14T22:00:00+00:00,2,1.0,0.11,0.065,1,1.0,1.0,0.0,108.0,17.5,high_cloud_future_TS,1.0,1.0,0.0,860.0
VABB_TS_03_20250614T14,thunderstorm_episode,VABB,2025-06-14T22:00:00+00:00,3,1.0,0.085,0.065,1,1.0,1.0,0.0,108.0,17.5,high_cloud_future_TS,1.0,1.0,0.0,860.0
VABB_TS_03_20250614T14,thunderstorm_episode,VABB,2025-06-14T23:00:00+00:00,1,1.0,0.195,0.065,1,1.0,1.0,0.0,108.0,77.5,high_cloud_future_TS,1.0,1.0,0.0,740.0
VABB_TS_03_20250614T14,thunderstorm_episode,VABB,2025-06-14T23:00:00+00:00,2,1.0,0.095,0.065,1,1.0,1.0,0.0,108.0,77.5,high_cloud_future_TS,1.0,1.0,0.0,740.0
VABB_TS_03_20250614T14,thunderstorm_episode,VABB,2025-06-14T23:00:00+00:00,3,0.0,0.125,0.065,1,1.0,1.0,0.0,108.0,77.5,high_cloud_future_nonTS,1.0,1.0,0.0,740.0
VABB_TS_03_20250614T14,thunderstorm_episode,VABB,2025-06-15T01:00:00+00:00,1,0.0,0.165,0.065,1,1.0,1.0,0.0,108.0,17.5,high_cloud_future_nonTS,1.0,1.0,0.0,710.0
VABB_TS_03_20250614T14,thunderstorm_episode,VABB,2025-06-15T01:00:00+00:00,2,0.0,0.13,0.065,1,1.0,1.0,0.0,108.0,17.5,high_cloud_future_nonTS,1.0,1.0,0.0,710.0
VABB_TS_03_20250614T14,thunderstorm_episode,VABB,2025-06-15T01:00:00+00:00,3,0.0,0.095,0.065,1,1.0,1.0,0.0,108.0,17.5,high_cloud_future_nonTS,1.0,1.0,0.0,710.0
VECC_CTL_04_20240506T13,control,VECC,2024-04-22T13:00:00+00:00,1,0.0,0.015,0.065,1,3.0,0.6326530612244898,0.3673469387755102,98.0,77.51666666666667,lower_cloud_future_nonTS,0.99,1.0,-0.36734693877551017,0.0
VECC_CTL_04_20240506T13,control,VECC,2024-04-22T13:00:00+00:00,2,0.0,0.02,0.065,1,3.0,0.6326530612244898,0.3673469387755102,98.0,77.51666666666667,lower_cloud_future_nonTS,0.99,1.0,-0.36734693877551017,0.0
VECC_CTL_04_20240506T13,control,VECC,2024-04-22T13:00:00+00:00,3,0.0,0.02,0.065,1,3.0,0.6326530612244898,0.3673469387755102,98.0,77.51666666666667,lower_cloud_future_nonTS,0.99,1.0,-0.36734693877551017,0.0
VECC_CTL_04_20240506T13,control,VECC,2024-04-22T16:00:00+00:00,1,0.0,0.0,0.065,1,0.0,0.4285714285714285,0.5714285714285714,98.0,47.516666666666666,lower_cloud_future_nonTS,1.0,1.0,-0.5714285714285715,0.0
VECC_CTL_04_20240506T13,control,VECC,2024-04-22T16:00:00+00:00,2,0.0,0.0,0.065,1,0.0,0.4285714285714285,0.5714285714285714,98.0,47.516666666666666,lower_cloud_future_nonTS,1.0,1.0,-0.5714285714285715,0.0
VECC_CTL_04_20240506T13,control,VECC,2024-04-22T16:00:00+00:00,3,0.0,0.0,0.065,1,0.0,0.4285714285714285,0.5714285714285714,98.0,47.516666666666666,lower_cloud_future_nonTS,1.0,1.0,-0.5714285714285715,0.0
VECC_CTL_04_20240506T13,control,VECC,2024-04-22T18:00:00+00:00,1,0.0,0.01,0.065,1,1.0,0.8061224489795918,0.1938775510204081,98.0,47.516666666666666,high_cloud_future_nonTS,1.0,1.0,-0.19387755102040816,120.0
VECC_CTL_04_20240506T13,control,VECC,2024-04-22T18:00:00+00:00,2,0.0,0.01,0.065,1,1.0,0.8061224489795918,0.1938775510204081,98.0,47.516666666666666,high_cloud_future_nonTS,1.0,1.0,-0.19387755102040816,120.0
VECC_CTL_04_20240506T13,control,VECC,2024-04-22T18:00:00+00:00,3,0.0,0.04,0.065,1,1.0,0.8061224489795918,0.1938775510204081,98.0,47.516666666666666,high_cloud_future_nonTS,1.0,1.0,-0.19387755102040816,120.0
VECC_CTL_04_20240506T13,control,VECC,2024-04-23T00:00:00+00:00,1,0.0,0.005,0.065,1,2.0,0.2244897959183673,0.7755102040816326,98.0,17.5,lower_cloud_future_nonTS,1.0,1.0,-0.7755102040816327,0.0
VECC_CTL_04_20240506T13,control,VECC,2024-04-23T00:00:00+00:00,2,0.0,0.005,0.065,1,2.0,0.2244897959183673,0.7755102040816326,98.0,17.5,lower_cloud_future_nonTS,1.0,1.0,-0.7755102040816327,0.0
VECC_CTL_04_20240506T13,control,VECC,2024-04-23T00:00:00+00:00,3,0.0,0.0,0.065,1,2.0,0.2244897959183673,0.7755102040816326,98.0,17.5,lower_cloud_future_nonTS,1.0,1.0,-0.7755102040816327,0.0
VECC_CTL_04_20240506T13,control,VECC,2024-04-23T01:00:00+00:00,1,0.0,0.005,0.065,1,2.0,0.2244897959183673,0.7755102040816326,98.0,77.5,lower_cloud_future_nonTS,0.99,0.8,-0.5755102040816328,0.0
VECC_CTL_04_20240506T13,control,VECC,2024-04-23T01:00:00+00:00,2,0.0,0.0,0.065,1,2.0,0.2244897959183673,0.7755102040816326,98.0,77.5,lower_cloud_future_nonTS,0.99,0.8,-0.5755102040816328,0.0
VECC_CTL_04_20240506T13,control,VECC,2024-04-23T01:00:00+00:00,3,0.0,0.0,0.065,1,2.0,0.2244897959183673,0.7755102040816326,98.0,77.5,lower_cloud_future_nonTS,0.99,0.8,-0.5755102040816328,0.0
VECC_TS_04_20240506T13,thunderstorm_episode,VECC,2024-05-06T13:00:00+00:00,1,1.0,0.09,0.065,1,3.0,1.0,0.0,98.0,77.51666666666667,high_cloud_future_TS,0.7,1.0,0.0,10.0
VECC_TS_04_20240506T13,thunderstorm_episode,VECC,2024-05-06T13:00:00+00:00,2,1.0,0.11,0.065,1,3.0,1.0,0.0,98.0,77.51666666666667,high_cloud_future_TS,0.7,1.0,0.0,10.0
VECC_TS_04_20240506T13,thunderstorm_episode,VECC,2024-05-06T13:00:00+00:00,3,1.0,0.105,0.065,1,3.0,1.0,0.0,98.0,77.51666666666667,high_cloud_future_TS,0.7,1.0,0.0,10.0
VECC_TS_04_20240506T13,thunderstorm_episode,VECC,2024-05-06T14:00:00+00:00,1,1.0,0.085,0.065,1,1.0,1.0,0.0,98.0,17.5,high_cloud_future_TS,1.0,1.0,0.0,80.0
VECC_TS_04_20240506T13,thunderstorm_episode,VECC,2024-05-06T14:00:00+00:00,2,1.0,0.1,0.065,1,1.0,1.0,0.0,98.0,17.5,high_cloud_future_TS,1.0,1.0,0.0,80.0
VECC_TS_04_20240506T13,thunderstorm_episode,VECC,2024-05-06T14:00:00+00:00,3,1.0,0.11,0.065,1,1.0,1.0,0.0,98.0,17.5,high_cloud_future_TS,1.0,1.0,0.0,80.0
VECC_TS_04_20240506T13,thunderstorm_episode,VECC,2024-05-06T15:00:00+00:00,1,1.0,0.04,0.065,1,1.0,1.0,0.0,98.0,77.5,high_cloud_future_TS,0.41,1.0,0.0,360.0
VECC_TS_04_20240506T13,thunderstorm_episode,VECC,2024-05-06T15:00:00+00:00,2,1.0,0.055,0.065,1,1.0,1.0,0.0,98.0,77.5,high_cloud_future_TS,0.41,1.0,0.0,360.0
VECC_TS_04_20240506T13,thunderstorm_episode,VECC,2024-05-06T15:00:00+00:00,3,1.0,0.05,0.065,1,1.0,1.0,0.0,98.0,77.5,high_cloud_future_TS,0.41,1.0,0.0,360.0
VECC_TS_04_20240506T13,thunderstorm_episode,VECC,2024-05-06T17:00:00+00:00,1,1.0,0.04,0.065,1,1.0,1.0,0.0,98.0,17.5,high_cloud_future_TS,0.18,0.0,1.0,240.0
VECC_TS_04_20240506T13,thunderstorm_episode,VECC,2024-05-06T17:00:00+00:00,2,1.0,0.045,0.065,1,1.0,1.0,0.0,98.0,17.5,high_cloud_future_TS,0.18,0.0,1.0,240.0
VECC_TS_04_20240506T13,thunderstorm_episode,VECC,2024-05-06T17:00:00+00:00,3,1.0,0.05,0.065,1,1.0,1.0,0.0,98.0,17.5,high_cloud_future_TS,0.18,0.0,1.0,240.0
VECC_TS_04_20240506T13,thunderstorm_episode,VECC,2024-05-06T18:00:00+00:00,1,1.0,0.06,0.065,1,1.0,1.0,0.0,98.0,77.5,high_cloud_future_TS,0.07,0.05,0.95,160.0
VECC_TS_04_20240506T13,thunderstorm_episode,VECC,2024-05-06T18:00:00+00:00,2,1.0,0.045,0.065,1,1.0,1.0,0.0,98.0,77.5,high_cloud_future_TS,0.07,0.05,0.95,160.0
VECC_TS_04_20240506T13,thunderstorm_episode,VECC,2024-05-06T18:00:00+00:00,3,1.0,0.04,0.065,1,1.0,1.0,0.0,98.0,77.5,high_cloud_future_TS,0.07,0.05,0.95,160.0
VECC_TS_04_20240506T13,thunderstorm_episode,VECC,2024-05-07T00:00:00+00:00,1,1.0,0.01,0.065,1,1.0,1.0,0.0,98.0,17.5,high_cloud_future_TS,0.13,1.0,0.0,500.0
VECC_TS_04_20240506T13,thunderstorm_episode,VECC,2024-05-07T00:00:00+00:00,2,0.0,0.035,0.065,1,1.0,1.0,0.0,98.0,17.5,high_cloud_future_nonTS,0.13,1.0,0.0,500.0
VECC_TS_04_20240506T13,thunderstorm_episode,VECC,2024-05-07T00:00:00+00:00,3,0.0,0.025,0.065,1,1.0,1.0,0.0,98.0,17.5,high_cloud_future_nonTS,0.13,1.0,0.0,500.0
VECC_TS_04_20240506T13,thunderstorm_episode,VECC,2024-05-07T01:00:00+00:00,1,0.0,0.035,0.065,1,1.0,1.0,0.0,98.0,77.5,high_cloud_future_nonTS,0.39,0.63,0.37,890.0
VECC_TS_04_20240506T13,thunderstorm_episode,VECC,2024-05-07T01:00:00+00:00,2,0.0,0.01,0.065,1,1.0,1.0,0.0,98.0,77.5,high_cloud_future_nonTS,0.39,0.63,0.37,890.0
VECC_TS_04_20240506T13,thunderstorm_episode,VECC,2024-05-07T01:00:00+00:00,3,0.0,0.04,0.065,1,1.0,1.0,0.0,98.0,77.5,high_cloud_future_nonTS,0.39,0.63,0.37,890.0
VIDP_CTL_02_20241227T01,control,VIDP,2025-01-10T01:00:00+00:00,1,0.0,0.0,0.065,1,0.0,0.0,1.0,98.0,77.51666666666667,lower_cloud_future_nonTS,0.0,0.0,0.0,0.0
VIDP_CTL_02_20241227T01,control,VIDP,2025-01-10T01:00:00+00:00,2,0.0,0.0,0.065,1,0.0,0.0,1.0,98.0,77.51666666666667,lower_cloud_future_nonTS,0.0,0.0,0.0,0.0
VIDP_CTL_02_20241227T01,control,VIDP,2025-01-10T01:00:00+00:00,3,0.0,0.0,0.065,1,0.0,0.0,1.0,98.0,77.51666666666667,lower_cloud_future_nonTS,0.0,0.0,0.0,0.0
VIDP_CTL_02_20241227T01,control,VIDP,2025-01-10T05:00:00+00:00,1,0.0,0.0,0.065,1,2.0,0.0510204081632653,0.9489795918367347,98.0,47.516666666666666,lower_cloud_future_nonTS,0.32,0.0,0.0510204081632653,0.0
VIDP_CTL_02_20241227T01,control,VIDP,2025-01-10T05:00:00+00:00,2,0.0,0.0,0.065,1,2.0,0.0510204081632653,0.9489795918367347,98.0,47.516666666666666,lower_cloud_future_nonTS,0.32,0.0,0.0510204081632653,0.0
VIDP_CTL_02_20241227T01,control,VIDP,2025-01-10T05:00:00+00:00,3,0.0,0.0,0.065,1,2.0,0.0510204081632653,0.9489795918367347,98.0,47.516666666666666,lower_cloud_future_nonTS,0.32,0.0,0.0510204081632653,0.0
VIDP_CTL_02_20241227T01,control,VIDP,2025-01-10T09:00:00+00:00,1,0.0,0.0,0.065,1,2.0,0.0714285714285714,0.9285714285714286,98.0,47.516666666666666,lower_cloud_future_nonTS,0.0,0.0,0.0714285714285714,0.0
VIDP_CTL_02_20241227T01,control,VIDP,2025-01-10T09:00:00+00:00,2,0.0,0.0,0.065,1,2.0,0.0714285714285714,0.9285714285714286,98.0,47.516666666666666,lower_cloud_future_nonTS,0.0,0.0,0.0714285714285714,0.0
VIDP_CTL_02_20241227T01,control,VIDP,2025-01-10T09:00:00+00:00,3,0.0,0.0,0.065,1,2.0,0.0714285714285714,0.9285714285714286,98.0,47.516666666666666,lower_cloud_future_nonTS,0.0,0.0,0.0714285714285714,0.0
VIDP_CTL_02_20241227T01,control,VIDP,2025-01-10T12:00:00+00:00,1,0.0,0.0,0.065,1,2.0,0.0,1.0,98.0,47.516666666666666,lower_cloud_future_nonTS,0.0,0.0,0.0,0.0
VIDP_CTL_02_20241227T01,control,VIDP,2025-01-10T12:00:00+00:00,2,0.0,0.0,0.065,1,2.0,0.0,1.0,98.0,47.516666666666666,lower_cloud_future_nonTS,0.0,0.0,0.0,0.0
VIDP_CTL_02_20241227T01,control,VIDP,2025-01-10T12:00:00+00:00,3,0.0,0.0,0.065,1,2.0,0.0,1.0,98.0,47.516666666666666,lower_cloud_future_nonTS,0.0,0.0,0.0,0.0
VIDP_CTL_02_20241227T01,control,VIDP,2025-01-10T15:00:00+00:00,1,0.0,0.0,0.065,1,3.0,0.8163265306122449,0.1836734693877551,98.0,47.516666666666666,high_cloud_future_nonTS,0.0,0.0,0.8163265306122449,0.0
VIDP_CTL_02_20241227T01,control,VIDP,2025-01-10T15:00:00+00:00,2,0.0,0.0,0.065,1,3.0,0.8163265306122449,0.1836734693877551,98.0,47.516666666666666,high_cloud_future_nonTS,0.0,0.0,0.8163265306122449,0.0
VIDP_CTL_02_20241227T01,control,VIDP,2025-01-10T15:00:00+00:00,3,0.0,0.0,0.065,1,3.0,0.8163265306122449,0.1836734693877551,98.0,47.516666666666666,high_cloud_future_nonTS,0.0,0.0,0.8163265306122449,0.0
VIDP_CTL_03_20220107T19,control,VIDP,2021-12-24T19:00:00+00:00,1,0.0,0.0,0.065,1,2.0,0.0,1.0,98.0,77.65,lower_cloud_future_nonTS,0.0,0.0,0.0,0.0
VIDP_CTL_03_20220107T19,control,VIDP,2021-12-24T19:00:00+00:00,2,0.0,0.0,0.065,1,2.0,0.0,1.0,98.0,77.65,lower_cloud_future_nonTS,0.0,0.0,0.0,0.0
VIDP_CTL_03_20220107T19,control,VIDP,2021-12-24T19:00:00+00:00,3,0.0,0.0,0.065,1,2.0,0.0,1.0,98.0,77.65,lower_cloud_future_nonTS,0.0,0.0,0.0,0.0
VIDP_CTL_03_20220107T19,control,VIDP,2021-12-24T20:00:00+00:00,1,0.0,0.0,0.065,1,2.0,0.0,1.0,98.0,17.666666666666668,lower_cloud_future_nonTS,0.0,0.0,0.0,0.0
VIDP_CTL_03_20220107T19,control,VIDP,2021-12-24T20:00:00+00:00,2,0.0,0.0,0.065,1,2.0,0.0,1.0,98.0,17.666666666666668,lower_cloud_future_nonTS,0.0,0.0,0.0,0.0
VIDP_CTL_03_20220107T19,control,VIDP,2021-12-24T20:00:00+00:00,3,0.0,0.0,0.065,1,2.0,0.0,1.0,98.0,17.666666666666668,lower_cloud_future_nonTS,0.0,0.0,0.0,0.0
VIDP_CTL_03_20220107T19,control,VIDP,2021-12-24T21:00:00+00:00,1,0.0,0.0,0.065,1,2.0,0.0,1.0,98.0,77.66666666666667,lower_cloud_future_nonTS,0.0,0.0,0.0,0.0
VIDP_CTL_03_20220107T19,control,VIDP,2021-12-24T21:00:00+00:00,2,0.0,0.0,0.065,1,2.0,0.0,1.0,98.0,77.66666666666667,lower_cloud_future_nonTS,0.0,0.0,0.0,0.0
VIDP_CTL_03_20220107T19,control,VIDP,2021-12-24T21:00:00+00:00,3,0.0,0.0,0.065,1,2.0,0.0,1.0,98.0,77.66666666666667,lower_cloud_future_nonTS,0.0,0.0,0.0,0.0
VIDP_CTL_03_20220107T19,control,VIDP,2021-12-24T23:00:00+00:00,1,0.0,0.0,0.065,1,2.0,0.0,1.0,98.0,17.65,lower_cloud_future_nonTS,0.0,0.0,0.0,0.0
VIDP_CTL_03_20220107T19,control,VIDP,2021-12-24T23:00:00+00:00,2,0.0,0.0,0.065,1,2.0,0.0,1.0,98.0,17.65,lower_cloud_future_nonTS,0.0,0.0,0.0,0.0
VIDP_CTL_03_20220107T19,control,VIDP,2021-12-24T23:00:00+00:00,3,0.0,0.0,0.065,1,2.0,0.0,1.0,98.0,17.65,lower_cloud_future_nonTS,0.0,0.0,0.0,0.0
VIDP_CTL_03_20220107T19,control,VIDP,2021-12-25T00:00:00+00:00,1,0.0,0.0,0.065,1,2.0,0.0,1.0,98.0,77.65,lower_cloud_future_nonTS,0.0,0.0,0.0,0.0
VIDP_CTL_03_20220107T19,control,VIDP,2021-12-25T00:00:00+00:00,2,0.0,0.0,0.065,1,2.0,0.0,1.0,98.0,77.65,lower_cloud_future_nonTS,0.0,0.0,0.0,0.0
VIDP_CTL_03_20220107T19,control,VIDP,2021-12-25T00:00:00+00:00,3,0.0,0.0,0.065,1,2.0,0.0,1.0,98.0,77.65,lower_cloud_future_nonTS,0.0,0.0,0.0,0.0
VIDP_CTL_03_20220107T19,control,VIDP,2021-12-25T01:00:00+00:00,1,0.0,0.0,0.065,1,2.0,0.0,1.0,98.0,17.65,lower_cloud_future_nonTS,0.0,0.0,0.0,0.0
VIDP_CTL_03_20220107T19,control,VIDP,2021-12-25T01:00:00+00:00,2,0.0,0.0,0.065,1,2.0,0.0,1.0,98.0,17.65,lower_cloud_future_nonTS,0.0,0.0,0.0,0.0
VIDP_CTL_03_20220107T19,control,VIDP,2021-12-25T01:00:00+00:00,3,0.0,0.0,0.065,1,2.0,0.0,1.0,98.0,17.65,lower_cloud_future_nonTS,0.0,0.0,0.0,0.0
VIDP_CTL_03_20220107T19,control,VIDP,2021-12-25T02:00:00+00:00,1,0.0,0.0,0.065,1,2.0,0.0,1.0,98.0,77.65,lower_cloud_future_nonTS,0.0,0.0,0.0,0.0
VIDP_CTL_03_20220107T19,control,VIDP,2021-12-25T02:00:00+00:00,2,0.0,0.0,0.065,1,2.0,0.0,1.0,98.0,77.65,lower_cloud_future_nonTS,0.0,0.0,0.0,0.0
VIDP_CTL_03_20220107T19,control,VIDP,2021-12-25T02:00:00+00:00,3,0.0,0.0,0.065,1,2.0,0.0,1.0,98.0,77.65,lower_cloud_future_nonTS,0.0,0.0,0.0,0.0
VIDP_TS_02_20241227T01,thunderstorm_episode,VIDP,2024-12-27T01:00:00+00:00,1,1.0,0.05,0.065,1,1.0,1.0,0.0,98.0,77.53333333333333,high_cloud_future_TS,1.0,1.0,0.0,0.0
VIDP_TS_02_20241227T01,thunderstorm_episode,VIDP,2024-12-27T01:00:00+00:00,2,1.0,0.035,0.065,1,1.0,1.0,0.0,98.0,77.53333333333333,high_cloud_future_TS,1.0,1.0,0.0,0.0
VIDP_TS_02_20241227T01,thunderstorm_episode,VIDP,2024-12-27T01:00:00+00:00,3,1.0,0.045,0.065,1,1.0,1.0,0.0,98.0,77.53333333333333,high_cloud_future_TS,1.0,1.0,0.0,0.0
VIDP_TS_02_20241227T01,thunderstorm_episode,VIDP,2024-12-27T03:00:00+00:00,1,1.0,0.03,0.065,1,1.0,1.0,0.0,98.0,17.533333333333335,high_cloud_future_TS,1.0,0.07,0.9299999999999999,0.0
VIDP_TS_02_20241227T01,thunderstorm_episode,VIDP,2024-12-27T03:00:00+00:00,2,0.0,0.01,0.065,1,1.0,1.0,0.0,98.0,17.533333333333335,high_cloud_future_nonTS,1.0,0.07,0.9299999999999999,0.0
VIDP_TS_02_20241227T01,thunderstorm_episode,VIDP,2024-12-27T03:00:00+00:00,3,1.0,0.02,0.065,1,1.0,1.0,0.0,98.0,17.533333333333335,high_cloud_future_TS,1.0,0.07,0.9299999999999999,0.0
VIDP_TS_02_20241227T01,thunderstorm_episode,VIDP,2024-12-27T04:00:00+00:00,1,0.0,0.035,0.065,1,1.0,1.0,0.0,98.0,77.53333333333333,high_cloud_future_nonTS,1.0,1.0,0.0,0.0
VIDP_TS_02_20241227T01,thunderstorm_episode,VIDP,2024-12-27T04:00:00+00:00,2,1.0,0.02,0.065,1,1.0,1.0,0.0,98.0,77.53333333333333,high_cloud_future_TS,1.0,1.0,0.0,0.0
VIDP_TS_02_20241227T01,thunderstorm_episode,VIDP,2024-12-27T04:00:00+00:00,3,1.0,0.01,0.065,1,1.0,1.0,0.0,98.0,77.53333333333333,high_cloud_future_TS,1.0,1.0,0.0,0.0
VIDP_TS_02_20241227T01,thunderstorm_episode,VIDP,2024-12-27T08:00:00+00:00,1,1.0,0.055,0.065,1,1.0,1.0,0.0,98.0,17.55,high_cloud_future_TS,1.0,1.0,0.0,0.0
VIDP_TS_02_20241227T01,thunderstorm_episode,VIDP,2024-12-27T08:00:00+00:00,2,1.0,0.045,0.065,1,1.0,1.0,0.0,98.0,17.55,high_cloud_future_TS,1.0,1.0,0.0,0.0
VIDP_TS_02_20241227T01,thunderstorm_episode,VIDP,2024-12-27T08:00:00+00:00,3,1.0,0.015,0.065,1,1.0,1.0,0.0,98.0,17.55,high_cloud_future_TS,1.0,1.0,0.0,0.0
VIDP_TS_02_20241227T01,thunderstorm_episode,VIDP,2024-12-27T09:00:00+00:00,1,1.0,0.055,0.065,1,1.0,1.0,0.0,98.0,77.55,high_cloud_future_TS,1.0,1.0,0.0,0.0
VIDP_TS_02_20241227T01,thunderstorm_episode,VIDP,2024-12-27T09:00:00+00:00,2,1.0,0.03,0.065,1,1.0,1.0,0.0,98.0,77.55,high_cloud_future_TS,1.0,1.0,0.0,0.0
VIDP_TS_02_20241227T01,thunderstorm_episode,VIDP,2024-12-27T09:00:00+00:00,3,1.0,0.01,0.065,1,1.0,1.0,0.0,98.0,77.55,high_cloud_future_TS,1.0,1.0,0.0,0.0
VIDP_TS_02_20241227T01,thunderstorm_episode,VIDP,2024-12-27T12:00:00+00:00,1,1.0,0.08,0.065,1,1.0,1.0,0.0,98.0,17.55,high_cloud_future_TS,1.0,1.0,0.0,0.0
VIDP_TS_02_20241227T01,thunderstorm_episode,VIDP,2024-12-27T12:00:00+00:00,2,1.0,0.08,0.065,1,1.0,1.0,0.0,98.0,17.55,high_cloud_future_TS,1.0,1.0,0.0,0.0
VIDP_TS_02_20241227T01,thunderstorm_episode,VIDP,2024-12-27T12:00:00+00:00,3,1.0,0.05,0.065,1,1.0,1.0,0.0,98.0,17.55,high_cloud_future_TS,1.0,1.0,0.0,0.0
VIDP_TS_02_20241227T01,thunderstorm_episode,VIDP,2024-12-27T13:00:00+00:00,1,1.0,0.045,0.065,1,1.0,1.0,0.0,98.0,77.55,high_cloud_future_TS,1.0,1.0,0.0,0.0
VIDP_TS_02_20241227T01,thunderstorm_episode,VIDP,2024-12-27T13:00:00+00:00,2,1.0,0.05,0.065,1,1.0,1.0,0.0,98.0,77.55,high_cloud_future_TS,1.0,1.0,0.0,0.0
VIDP_TS_02_20241227T01,thunderstorm_episode,VIDP,2024-12-27T13:00:00+00:00,3,0.0,0.065,0.065,1,1.0,1.0,0.0,98.0,77.55,high_cloud_future_nonTS,1.0,1.0,0.0,0.0
VIDP_TS_02_20241227T01,thunderstorm_episode,VIDP,2024-12-27T15:00:00+00:00,1,0.0,0.065,0.065,1,1.0,1.0,0.0,98.0,17.533333333333335,high_cloud_future_nonTS,0.98,1.0,0.0,0.0
VIDP_TS_02_20241227T01,thunderstorm_episode,VIDP,2024-12-27T15:00:00+00:00,2,0.0,0.055,0.065,1,1.0,1.0,0.0,98.0,17.533333333333335,high_cloud_future_nonTS,0.98,1.0,0.0,0.0
VIDP_TS_02_20241227T01,thunderstorm_episode,VIDP,2024-12-27T15:00:00+00:00,3,1.0,0.04,0.065,1,1.0,1.0,0.0,98.0,17.533333333333335,high_cloud_future_TS,0.98,1.0,0.0,0.0
VIDP_TS_03_20220107T19,thunderstorm_episode,VIDP,2022-01-07T19:00:00+00:00,1,1.0,0.74,0.065,1,1.0,1.0,0.0,98.0,77.65,high_cloud_future_TS,1.0,0.68,0.31999999999999995,70.0
VIDP_TS_03_20220107T19,thunderstorm_episode,VIDP,2022-01-07T19:00:00+00:00,2,1.0,0.76,0.065,1,1.0,1.0,0.0,98.0,77.65,high_cloud_future_TS,1.0,0.68,0.31999999999999995,70.0
VIDP_TS_03_20220107T19,thunderstorm_episode,VIDP,2022-01-07T19:00:00+00:00,3,1.0,0.805,0.065,1,1.0,1.0,0.0,98.0,77.65,high_cloud_future_TS,1.0,0.68,0.31999999999999995,70.0
VIDP_TS_03_20220107T19,thunderstorm_episode,VIDP,2022-01-07T21:00:00+00:00,1,1.0,0.855,0.065,1,1.0,1.0,0.0,98.0,17.65,high_cloud_future_TS,1.0,1.0,0.0,50.0
VIDP_TS_03_20220107T19,thunderstorm_episode,VIDP,2022-01-07T21:00:00+00:00,2,1.0,0.86,0.065,1,1.0,1.0,0.0,98.0,17.65,high_cloud_future_TS,1.0,1.0,0.0,50.0
VIDP_TS_03_20220107T19,thunderstorm_episode,VIDP,2022-01-07T21:00:00+00:00,3,1.0,0.775,0.065,1,1.0,1.0,0.0,98.0,17.65,high_cloud_future_TS,1.0,1.0,0.0,50.0
VIDP_TS_03_20220107T19,thunderstorm_episode,VIDP,2022-01-07T22:00:00+00:00,1,1.0,0.8,0.065,1,1.0,1.0,0.0,98.0,77.65,high_cloud_future_TS,0.14,1.0,0.0,40.0
VIDP_TS_03_20220107T19,thunderstorm_episode,VIDP,2022-01-07T22:00:00+00:00,2,1.0,0.78,0.065,1,1.0,1.0,0.0,98.0,77.65,high_cloud_future_TS,0.14,1.0,0.0,40.0
VIDP_TS_03_20220107T19,thunderstorm_episode,VIDP,2022-01-07T22:00:00+00:00,3,1.0,0.75,0.065,1,1.0,1.0,0.0,98.0,77.65,high_cloud_future_TS,0.14,1.0,0.0,40.0
VIDP_TS_03_20220107T19,thunderstorm_episode,VIDP,2022-01-08T00:00:00+00:00,1,1.0,0.835,0.065,1,1.0,1.0,0.0,98.0,17.666666666666668,high_cloud_future_TS,0.63,1.0,0.0,30.0
VIDP_TS_03_20220107T19,thunderstorm_episode,VIDP,2022-01-08T00:00:00+00:00,2,1.0,0.78,0.065,1,1.0,1.0,0.0,98.0,17.666666666666668,high_cloud_future_TS,0.63,1.0,0.0,30.0
VIDP_TS_03_20220107T19,thunderstorm_episode,VIDP,2022-01-08T00:00:00+00:00,3,1.0,0.81,0.065,1,1.0,1.0,0.0,98.0,17.666666666666668,high_cloud_future_TS,0.63,1.0,0.0,30.0
VIDP_TS_03_20220107T19,thunderstorm_episode,VIDP,2022-01-08T01:00:00+00:00,1,1.0,0.815,0.065,1,1.0,1.0,0.0,98.0,77.66666666666667,high_cloud_future_TS,0.57,1.0,0.0,40.0
VIDP_TS_03_20220107T19,thunderstorm_episode,VIDP,2022-01-08T01:00:00+00:00,2,1.0,0.82,0.065,1,1.0,1.0,0.0,98.0,77.66666666666667,high_cloud_future_TS,0.57,1.0,0.0,40.0
VIDP_TS_03_20220107T19,thunderstorm_episode,VIDP,2022-01-08T01:00:00+00:00,3,1.0,0.82,0.065,1,1.0,1.0,0.0,98.0,77.66666666666667,high_cloud_future_TS,0.57,1.0,0.0,40.0
VIDP_TS_03_20220107T19,thunderstorm_episode,VIDP,2022-01-08T04:00:00+00:00,1,1.0,0.8,0.065,1,1.0,1.0,0.0,98.0,17.666666666666668,high_cloud_future_TS,1.0,1.0,0.0,110.0
VIDP_TS_03_20220107T19,thunderstorm_episode,VIDP,2022-01-08T04:00:00+00:00,2,1.0,0.78,0.065,1,1.0,1.0,0.0,98.0,17.666666666666668,high_cloud_future_TS,1.0,1.0,0.0,110.0
VIDP_TS_03_20220107T19,thunderstorm_episode,VIDP,2022-01-08T04:00:00+00:00,3,1.0,0.675,0.065,1,1.0,1.0,0.0,98.0,17.666666666666668,high_cloud_future_TS,1.0,1.0,0.0,110.0
VIDP_TS_03_20220107T19,thunderstorm_episode,VIDP,2022-01-08T05:00:00+00:00,1,1.0,0.76,0.065,1,1.0,1.0,0.0,98.0,77.66666666666667,high_cloud_future_TS,1.0,1.0,0.0,180.0
VIDP_TS_03_20220107T19,thunderstorm_episode,VIDP,2022-01-08T05:00:00+00:00,2,1.0,0.685,0.065,1,1.0,1.0,0.0,98.0,77.66666666666667,high_cloud_future_TS,1.0,1.0,0.0,180.0
VIDP_TS_03_20220107T19,thunderstorm_episode,VIDP,2022-01-08T05:00:00+00:00,3,0.0,0.055,0.065,1,1.0,1.0,0.0,98.0,77.66666666666667,high_cloud_future_nonTS,1.0,1.0,0.0,180.0
VIDP_TS_03_20220107T19,thunderstorm_episode,VIDP,2022-01-08T07:00:00+00:00,1,0.0,0.085,0.065,1,1.0,1.0,0.0,98.0,17.666666666666668,high_cloud_future_nonTS,1.0,1.0,0.0,230.0
VIDP_TS_03_20220107T19,thunderstorm_episode,VIDP,2022-01-08T07:00:00+00:00,2,0.0,0.045,0.065,1,1.0,1.0,0.0,98.0,17.666666666666668,high_cloud_future_nonTS,1.0,1.0,0.0,230.0
VIDP_TS_03_20220107T19,thunderstorm_episode,VIDP,2022-01-08T07:00:00+00:00,3,0.0,0.015,0.065,1,1.0,1.0,0.0,98.0,17.666666666666668,high_cloud_future_nonTS,1.0,1.0,0.0,230.0
VOCI_CTL_02_20231103T08,control,VOCI,2023-10-20T08:00:00+00:00,1,0.0,0.02,0.065,1,2.0,0.1724137931034483,0.8275862068965517,116.0,77.61666666666666,lower_cloud_future_nonTS,0.17,0.21,-0.037586206896551705,1220.0
VOCI_CTL_02_20231103T08,control,VOCI,2023-10-20T08:00:00+00:00,2,0.0,0.04,0.065,1,2.0,0.1724137931034483,0.8275862068965517,116.0,77.61666666666666,lower_cloud_future_nonTS,0.17,0.21,-0.037586206896551705,1220.0
VOCI_CTL_02_20231103T08,control,VOCI,2023-10-20T08:00:00+00:00,3,0.0,0.15,0.065,1,2.0,0.1724137931034483,0.8275862068965517,116.0,77.61666666666666,lower_cloud_future_nonTS,0.17,0.21,-0.037586206896551705,1220.0
VOCI_CTL_02_20231103T08,control,VOCI,2023-10-20T10:00:00+00:00,1,0.0,0.175,0.065,1,2.0,0.1379310344827586,0.8620689655172413,116.0,17.633333333333333,lower_cloud_future_nonTS,0.77,1.0,-0.8620689655172414,1970.0
VOCI_CTL_02_20231103T08,control,VOCI,2023-10-20T10:00:00+00:00,2,0.0,0.25,0.065,1,2.0,0.1379310344827586,0.8620689655172413,116.0,17.633333333333333,lower_cloud_future_nonTS,0.77,1.0,-0.8620689655172414,1970.0
VOCI_CTL_02_20231103T08,control,VOCI,2023-10-20T10:00:00+00:00,3,0.0,0.24,0.065,1,2.0,0.1379310344827586,0.8620689655172413,116.0,17.633333333333333,lower_cloud_future_nonTS,0.77,1.0,-0.8620689655172414,1970.0
VOCI_CTL_02_20231103T08,control,VOCI,2023-10-20T11:00:00+00:00,1,0.0,0.26,0.065,1,2.0,0.1379310344827586,0.8620689655172413,116.0,77.63333333333334,lower_cloud_future_nonTS,0.68,0.97,-0.8320689655172414,1730.0
VOCI_CTL_02_20231103T08,control,VOCI,2023-10-20T11:00:00+00:00,2,0.0,0.185,0.065,1,2.0,0.1379310344827586,0.8620689655172413,116.0,77.63333333333334,lower_cloud_future_nonTS,0.68,0.97,-0.8320689655172414,1730.0
VOCI_CTL_02_20231103T08,control,VOCI,2023-10-20T11:00:00+00:00,3,0.0,0.085,0.065,1,2.0,0.1379310344827586,0.8620689655172413,116.0,77.63333333333334,lower_cloud_future_nonTS,0.68,0.97,-0.8320689655172414,1730.0
VOCI_CTL_02_20231103T08,control,VOCI,2023-10-20T12:00:00+00:00,1,0.0,0.165,0.065,1,0.0,0.043103448275862,0.956896551724138,116.0,17.616666666666667,lower_cloud_future_nonTS,0.65,1.0,-0.956896551724138,1490.0
VOCI_CTL_02_20231103T08,control,VOCI,2023-10-20T12:00:00+00:00,2,0.0,0.08,0.065,1,0.0,0.043103448275862,0.956896551724138,116.0,17.616666666666667,lower_cloud_future_nonTS,0.65,1.0,-0.956896551724138,1490.0
VOCI_CTL_02_20231103T08,control,VOCI,2023-10-20T12:00:00+00:00,3,0.0,0.045,0.065,1,0.0,0.043103448275862,0.956896551724138,116.0,17.616666666666667,lower_cloud_future_nonTS,0.65,1.0,-0.956896551724138,1490.0
VOCI_CTL_02_20231103T08,control,VOCI,2023-10-20T13:00:00+00:00,1,0.0,0.06,0.065,1,0.0,0.043103448275862,0.956896551724138,116.0,77.61666666666666,lower_cloud_future_nonTS,0.64,0.88,-0.836896551724138,780.0
VOCI_CTL_02_20231103T08,control,VOCI,2023-10-20T13:00:00+00:00,2,0.0,0.055,0.065,1,0.0,0.043103448275862,0.956896551724138,116.0,77.61666666666666,lower_cloud_future_nonTS,0.64,0.88,-0.836896551724138,780.0
VOCI_CTL_02_20231103T08,control,VOCI,2023-10-20T13:00:00+00:00,3,0.0,0.04,0.065,1,0.0,0.043103448275862,0.956896551724138,116.0,77.61666666666666,lower_cloud_future_nonTS,0.64,0.88,-0.836896551724138,780.0
VOCI_CTL_02_20231103T08,control,VOCI,2023-10-20T15:00:00+00:00,1,0.0,0.05,0.065,1,0.0,0.1034482758620689,0.896551724137931,116.0,17.616666666666667,lower_cloud_future_nonTS,0.9,0.7,-0.596551724137931,460.0
VOCI_CTL_02_20231103T08,control,VOCI,2023-10-20T15:00:00+00:00,2,0.0,0.035,0.065,1,0.0,0.1034482758620689,0.896551724137931,116.0,17.616666666666667,lower_cloud_future_nonTS,0.9,0.7,-0.596551724137931,460.0
VOCI_CTL_02_20231103T08,control,VOCI,2023-10-20T15:00:00+00:00,3,0.0,0.02,0.065,1,0.0,0.1034482758620689,0.896551724137931,116.0,17.616666666666667,lower_cloud_future_nonTS,0.9,0.7,-0.596551724137931,460.0
VOCI_CTL_02_20231103T08,control,VOCI,2023-10-20T16:00:00+00:00,1,0.0,0.02,0.065,1,0.0,0.1034482758620689,0.896551724137931,116.0,77.61666666666666,lower_cloud_future_nonTS,0.99,0.66,-0.5565517241379312,280.0
VOCI_CTL_02_20231103T08,control,VOCI,2023-10-20T16:00:00+00:00,2,0.0,0.01,0.065,1,0.0,0.1034482758620689,0.896551724137931,116.0,77.61666666666666,lower_cloud_future_nonTS,0.99,0.66,-0.5565517241379312,280.0
VOCI_CTL_02_20231103T08,control,VOCI,2023-10-20T16:00:00+00:00,3,0.0,0.02,0.065,1,0.0,0.1034482758620689,0.896551724137931,116.0,77.61666666666666,lower_cloud_future_nonTS,0.99,0.66,-0.5565517241379312,280.0
VOCI_CTL_02_20231103T08,control,VOCI,2023-10-20T17:00:00+00:00,1,0.0,0.02,0.065,1,0.0,0.25,0.75,116.0,17.616666666666667,lower_cloud_future_nonTS,0.98,1.0,-0.75,220.0
VOCI_CTL_02_20231103T08,control,VOCI,2023-10-20T17:00:00+00:00,2,0.0,0.015,0.065,1,0.0,0.25,0.75,116.0,17.616666666666667,lower_cloud_future_nonTS,0.98,1.0,-0.75,220.0
VOCI_CTL_02_20231103T08,control,VOCI,2023-10-20T17:00:00+00:00,3,0.0,0.015,0.065,1,0.0,0.25,0.75,116.0,17.616666666666667,lower_cloud_future_nonTS,0.98,1.0,-0.75,220.0
VOCI_CTL_02_20231103T08,control,VOCI,2023-10-20T18:00:00+00:00,1,0.0,0.015,0.065,1,0.0,0.25,0.75,116.0,77.61666666666666,lower_cloud_future_nonTS,1.0,1.0,-0.75,220.0
VOCI_CTL_02_20231103T08,control,VOCI,2023-10-20T18:00:00+00:00,2,0.0,0.015,0.065,1,0.0,0.25,0.75,116.0,77.61666666666666,lower_cloud_future_nonTS,1.0,1.0,-0.75,220.0
VOCI_CTL_02_20231103T08,control,VOCI,2023-10-20T18:00:00+00:00,3,0.0,0.0,0.065,1,0.0,0.25,0.75,116.0,77.61666666666666,lower_cloud_future_nonTS,1.0,1.0,-0.75,220.0
VOCI_TS_02_20231103T08,thunderstorm_episode,VOCI,2023-11-03T08:00:00+00:00,1,1.0,0.175,0.065,1,2.0,0.5172413793103449,0.4827586206896552,116.0,77.66666666666667,lower_cloud_future_TS,0.95,1.0,-0.48275862068965514,2350.0
VOCI_TS_02_20231103T08,thunderstorm_episode,VOCI,2023-11-03T08:00:00+00:00,2,,0.405,0.065,1,2.0,0.5172413793103449,0.4827586206896552,116.0,77.66666666666667,lower_cloud_no_target,0.95,1.0,-0.48275862068965514,2350.0
VOCI_TS_02_20231103T08,thunderstorm_episode,VOCI,2023-11-03T08:00:00+00:00,3,1.0,0.355,0.065,1,2.0,0.5172413793103449,0.4827586206896552,116.0,77.66666666666667,lower_cloud_future_TS,0.95,1.0,-0.48275862068965514,2350.0
VOCI_TS_02_20231103T08,thunderstorm_episode,VOCI,2023-11-03T10:00:00+00:00,1,1.0,0.335,0.065,1,2.0,0.7931034482758621,0.2068965517241379,116.0,17.666666666666668,high_cloud_future_TS,1.0,1.0,-0.2068965517241379,3040.0
VOCI_TS_02_20231103T08,thunderstorm_episode,VOCI,2023-11-03T10:00:00+00:00,2,1.0,0.205,0.065,1,2.0,0.7931034482758621,0.2068965517241379,116.0,17.666666666666668,high_cloud_future_TS,1.0,1.0,-0.2068965517241379,3040.0
VOCI_TS_02_20231103T08,thunderstorm_episode,VOCI,2023-11-03T10:00:00+00:00,3,1.0,0.175,0.065,1,2.0,0.7931034482758621,0.2068965517241379,116.0,17.666666666666668,high_cloud_future_TS,1.0,1.0,-0.2068965517241379,3040.0
VOCI_TS_02_20231103T08,thunderstorm_episode,VOCI,2023-11-03T11:00:00+00:00,1,1.0,0.37,0.065,1,2.0,0.7931034482758621,0.2068965517241379,116.0,77.66666666666667,high_cloud_future_TS,1.0,1.0,-0.2068965517241379,1820.0
VOCI_TS_02_20231103T08,thunderstorm_episode,VOCI,2023-11-03T11:00:00+00:00,2,1.0,0.255,0.065,1,2.0,0.7931034482758621,0.2068965517241379,116.0,77.66666666666667,high_cloud_future_TS,1.0,1.0,-0.2068965517241379,1820.0
VOCI_TS_02_20231103T08,thunderstorm_episode,VOCI,2023-11-03T11:00:00+00:00,3,1.0,0.2,0.065,1,2.0,0.7931034482758621,0.2068965517241379,116.0,77.66666666666667,high_cloud_future_TS,1.0,1.0,-0.2068965517241379,1820.0
VOCI_TS_02_20231103T08,thunderstorm_episode,VOCI,2023-11-03T12:00:00+00:00,1,1.0,0.29,0.065,1,1.0,1.0,0.0,116.0,17.666666666666668,high_cloud_future_TS,1.0,1.0,0.0,890.0
VOCI_TS_02_20231103T08,thunderstorm_episode,VOCI,2023-11-03T12:00:00+00:00,2,1.0,0.235,0.065,1,1.0,1.0,0.0,116.0,17.666666666666668,high_cloud_future_TS,1.0,1.0,0.0,890.0
VOCI_TS_02_20231103T08,thunderstorm_episode,VOCI,2023-11-03T12:00:00+00:00,3,1.0,0.25,0.065,1,1.0,1.0,0.0,116.0,17.666666666666668,high_cloud_future_TS,1.0,1.0,0.0,890.0
VOCI_TS_02_20231103T08,thunderstorm_episode,VOCI,2023-11-03T13:00:00+00:00,1,1.0,0.28,0.065,1,1.0,1.0,0.0,116.0,77.66666666666667,high_cloud_future_TS,1.0,1.0,0.0,610.0
VOCI_TS_02_20231103T08,thunderstorm_episode,VOCI,2023-11-03T13:00:00+00:00,2,1.0,0.2,0.065,1,1.0,1.0,0.0,116.0,77.66666666666667,high_cloud_future_TS,1.0,1.0,0.0,610.0
VOCI_TS_02_20231103T08,thunderstorm_episode,VOCI,2023-11-03T13:00:00+00:00,3,1.0,0.18,0.065,1,1.0,1.0,0.0,116.0,77.66666666666667,high_cloud_future_TS,1.0,1.0,0.0,610.0
VOCI_TS_02_20231103T08,thunderstorm_episode,VOCI,2023-11-03T15:00:00+00:00,1,1.0,0.275,0.065,1,1.0,1.0,0.0,116.0,17.666666666666668,high_cloud_future_TS,1.0,1.0,0.0,320.0
VOCI_TS_02_20231103T08,thunderstorm_episode,VOCI,2023-11-03T15:00:00+00:00,2,1.0,0.165,0.065,1,1.0,1.0,0.0,116.0,17.666666666666668,high_cloud_future_TS,1.0,1.0,0.0,320.0
VOCI_TS_02_20231103T08,thunderstorm_episode,VOCI,2023-11-03T15:00:00+00:00,3,1.0,0.065,0.065,1,1.0,1.0,0.0,116.0,17.666666666666668,high_cloud_future_TS,1.0,1.0,0.0,320.0
VOCI_TS_02_20231103T08,thunderstorm_episode,VOCI,2023-11-03T16:00:00+00:00,1,1.0,0.115,0.065,1,1.0,1.0,0.0,116.0,77.66666666666667,high_cloud_future_TS,1.0,1.0,0.0,280.0
VOCI_TS_02_20231103T08,thunderstorm_episode,VOCI,2023-11-03T16:00:00+00:00,2,1.0,0.035,0.065,1,1.0,1.0,0.0,116.0,77.66666666666667,high_cloud_future_TS,1.0,1.0,0.0,280.0
VOCI_TS_02_20231103T08,thunderstorm_episode,VOCI,2023-11-03T16:00:00+00:00,3,1.0,0.015,0.065,1,1.0,1.0,0.0,116.0,77.66666666666667,high_cloud_future_TS,1.0,1.0,0.0,280.0
VOCI_TS_02_20231103T08,thunderstorm_episode,VOCI,2023-11-03T17:00:00+00:00,1,1.0,0.045,0.065,1,1.0,1.0,0.0,116.0,17.65,high_cloud_future_TS,1.0,1.0,0.0,260.0
VOCI_TS_02_20231103T08,thunderstorm_episode,VOCI,2023-11-03T17:00:00+00:00,2,1.0,0.015,0.065,1,1.0,1.0,0.0,116.0,17.65,high_cloud_future_TS,1.0,1.0,0.0,260.0
VOCI_TS_02_20231103T08,thunderstorm_episode,VOCI,2023-11-03T17:00:00+00:00,3,1.0,0.02,0.065,1,1.0,1.0,0.0,116.0,17.65,high_cloud_future_TS,1.0,1.0,0.0,260.0
VOCI_TS_02_20231103T08,thunderstorm_episode,VOCI,2023-11-03T18:00:00+00:00,1,1.0,0.035,0.065,1,1.0,1.0,0.0,116.0,77.65,high_cloud_future_TS,1.0,1.0,0.0,270.0
VOCI_TS_02_20231103T08,thunderstorm_episode,VOCI,2023-11-03T18:00:00+00:00,2,1.0,0.01,0.065,1,1.0,1.0,0.0,116.0,77.65,high_cloud_future_TS,1.0,1.0,0.0,270.0
VOCI_TS_02_20231103T08,thunderstorm_episode,VOCI,2023-11-03T18:00:00+00:00,3,1.0,0.015,0.065,1,1.0,1.0,0.0,116.0,77.65,high_cloud_future_TS,1.0,1.0,0.0,270.0
