lead,grain,period,valid_cases,positive_cases,positive_rate,alerts,alert_rate,TP,FP,FN,TN
1h,month_of_year,01,2340,13,0.005555555555555556,38,0.01623931623931624,8,30,5,2297
1h,month_of_year,02,2123,14,0.00659444182760245,24,0.011304757418747056,11,13,3,2096
1h,month_of_year,03,2302,32,0.013900955690703735,126,0.05473501303214596,14,112,18,2158
1h,month_of_year,04,2698,107,0.0396590066716086,323,0.11971830985915492,86,237,21,2354
1h,month_of_year,05,2905,163,0.05611015490533563,541,0.18623063683304647,124,417,39,2325
1h,month_of_year,06,2850,122,0.04280701754385965,713,0.2501754385964912,87,626,35,2102
1h,month_of_year,07,2983,97,0.03251759973181361,600,0.2011397921555481,69,531,28,2355
1h,month_of_year,08,2911,83,0.028512538646513225,556,0.19099965647543798,60,496,23,2332
1h,month_of_year,09,2780,109,0.03920863309352518,600,0.2158273381294964,75,525,34,2146
1h,month_of_year,10,2902,134,0.0461750516884907,492,0.1695382494831151,111,381,23,2387
1h,month_of_year,11,2838,61,0.02149400986610289,192,0.06765327695560254,45,147,16,2630
1h,month_of_year,12,2317,11,0.004747518342684506,42,0.01812688821752266,5,37,6,2269
1h,year_month,2021-04,539,23,0.04267161410018553,45,0.08348794063079777,23,22,0,494
1h,year_month,2021-05,571,48,0.0840630472854641,83,0.14535901926444833,48,35,0,488
1h,year_month,2021-06,567,35,0.06172839506172839,57,0.10052910052910052,35,22,0,510
1h,year_month,2021-07,595,26,0.043697478991596636,55,0.09243697478991597,26,29,0,540
1h,year_month,2021-08,586,15,0.025597269624573378,37,0.06313993174061433,15,22,0,549
1h,year_month,2021-09,562,24,0.042704626334519574,53,0.09430604982206406,24,29,0,509
1h,year_month,2021-10,582,42,0.07216494845360824,67,0.11512027491408934,42,25,0,515
1h,year_month,2021-11,576,9,0.015625,15,0.026041666666666668,9,6,0,561
1h,year_month,2021-12,559,2,0.0035778175313059034,9,0.016100178890876567,2,7,0,550
1h,year_month,2022-01,568,4,0.007042253521126761,5,0.008802816901408451,4,1,0,563
1h,year_month,2022-02,510,8,0.01568627450980392,10,0.0196078431372549,8,2,0,500
1h,year_month,2022-03,561,5,0.008912655971479501,10,0.017825311942959002,5,5,0,551
1h,year_month,2022-04,556,20,0.03597122302158273,48,0.08633093525179857,20,28,0,508
1h,year_month,2022-05,588,20,0.034013605442176874,47,0.07993197278911565,20,27,0,541
1h,year_month,2022-06,544,24,0.04411764705882353,173,0.3180147058823529,18,155,6,365
1h,year_month,2022-07,583,19,0.032590051457975985,125,0.2144082332761578,10,115,9,449
1h,year_month,2022-08,577,16,0.02772963604852686,130,0.22530329289428075,10,120,6,441
1h,year_month,2022-09,543,24,0.04419889502762431,133,0.24493554327808473,19,114,5,405
1h,year_month,2022-10,569,15,0.026362038664323375,111,0.19507908611599298,11,100,4,454
1h,year_month,2022-11,543,7,0.01289134438305709,37,0.06813996316758748,6,31,1,505
1h,year_month,2022-12,311,1,0.003215434083601286,7,0.022508038585209004,1,6,0,304
1h,year_month,2023-01,579,3,0.0051813471502590676,8,0.013816925734024179,1,7,2,569
1h,year_month,2023-02,524,0,0.0,0,0.0,0,0,0,524
1h,year_month,2023-03,570,14,0.02456140350877193,44,0.07719298245614035,2,42,12,514
1h,year_month,2023-04,516,17,0.03294573643410853,49,0.09496124031007752,12,37,5,462
1h,year_month,2023-05,565,33,0.0584070796460177,120,0.21238938053097345,21,99,12,433
1h,year_month,2023-06,572,24,0.04195804195804196,129,0.22552447552447552,10,119,14,429
1h,year_month,2023-07,599,14,0.02337228714524207,122,0.2036727879799666,9,113,5,472
1h,year_month,2023-08,566,8,0.014134275618374558,78,0.13780918727915195,6,72,2,486
1h,year_month,2023-09,568,24,0.04225352112676056,168,0.29577464788732394,10,158,14,386
1h,year_month,2023-10,586,25,0.042662116040955635,77,0.13139931740614336,18,59,7,502
1h,year_month,2023-11,567,25,0.04409171075837742,64,0.1128747795414462,17,47,8,495
1h,year_month,2023-12,298,0,0.0,3,0.010067114093959731,0,3,0,295
1h,year_month,2024-01,603,5,0.008291873963515755,18,0.029850746268656716,3,15,2,583
1h,year_month,2024-02,565,3,0.005309734513274336,6,0.010619469026548672,2,4,1,558
1h,year_month,2024-03,608,6,0.009868421052631578,32,0.05263157894736842,2,30,4,572
1h,year_month,2024-04,579,19,0.03281519861830743,87,0.15025906735751296,14,73,5,487
1h,year_month,2024-05,600,35,0.058333333333333334,131,0.21833333333333332,21,110,14,455
1h,year_month,2024-06,582,24,0.041237113402061855,216,0.3711340206185567,16,200,8,358
1h,year_month,2024-07,603,19,0.03150912106135987,163,0.2703150912106136,14,149,5,435
1h,year_month,2024-08,593,27,0.045531197301854974,185,0.31197301854974707,19,166,8,400
1h,year_month,2024-09,560,19,0.033928571428571426,124,0.22142857142857142,11,113,8,428
1h,year_month,2024-10,588,31,0.05272108843537415,129,0.2193877551020408,24,105,7,452
1h,year_month,2024-11,584,14,0.023972602739726026,47,0.08047945205479452,8,39,6,531
1h,year_month,2024-12,571,8,0.014010507880910683,21,0.03677758318739054,2,19,6,544
1h,year_month,2025-01,590,1,0.001694915254237288,7,0.011864406779661017,0,7,1,582
1h,year_month,2025-02,524,3,0.0057251908396946565,8,0.015267175572519083,1,7,2,514
1h,year_month,2025-03,563,7,0.012433392539964476,40,0.07104795737122557,5,35,2,521
1h,year_month,2025-04,508,28,0.05511811023622047,94,0.18503937007874016,17,77,11,403
1h,year_month,2025-05,581,27,0.04647160068846816,160,0.27538726333907054,14,146,13,408
1h,year_month,2025-06,585,15,0.02564102564102564,138,0.2358974358974359,8,130,7,440
1h,year_month,2025-07,603,19,0.03150912106135987,135,0.22388059701492538,10,125,9,459
1h,year_month,2025-08,589,17,0.028862478777589132,126,0.21392190152801357,10,116,7,456
1h,year_month,2025-09,547,18,0.03290676416819013,122,0.2230347349177331,11,111,7,418
1h,year_month,2025-10,577,21,0.036395147313691506,108,0.18717504332755633,16,92,5,464
1h,year_month,2025-11,568,6,0.01056338028169014,29,0.051056338028169015,5,24,1,538
1h,year_month,2025-12,578,0,0.0,2,0.0034602076124567475,0,2,0,576
2h,month_of_year,01,2326,14,0.0060189165950128975,22,0.009458297506448839,6,16,8,2296
2h,month_of_year,02,2115,16,0.007565011820330969,25,0.01182033096926714,10,15,6,2084
2h,month_of_year,03,2294,36,0.015693112467306015,107,0.046643417611159546,17,90,19,2168
2h,month_of_year,04,2701,99,0.036653091447611995,328,0.12143650499814883,74,254,25,2348
2h,month_of_year,05,2902,170,0.0585802894555479,559,0.19262577532736044,133,426,37,2306
2h,month_of_year,06,2845,118,0.04147627416520211,691,0.2428822495606327,84,607,34,2120
2h,month_of_year,07,2973,104,0.03498150016818029,597,0.20080726538849647,70,527,34,2342
2h,month_of_year,08,2906,92,0.031658637302133516,552,0.1899518238128011,68,484,24,2330
2h,month_of_year,09,2775,114,0.04108108108108108,577,0.20792792792792794,82,495,32,2166
2h,month_of_year,10,2886,128,0.04435204435204435,484,0.1677061677061677,103,381,25,2377
2h,month_of_year,11,2845,67,0.023550087873462213,187,0.06572934973637962,50,137,17,2641
2h,month_of_year,12,2308,11,0.004766031195840554,36,0.01559792027729636,5,31,6,2266
2h,year_month,2021-04,543,18,0.03314917127071823,42,0.07734806629834254,18,24,0,501
2h,year_month,2021-05,571,50,0.08756567425569177,89,0.15586690017513136,50,39,0,482
2h,year_month,2021-06,567,27,0.047619047619047616,50,0.08818342151675485,27,23,0,517
2h,year_month,2021-07,590,26,0.04406779661016949,49,0.08305084745762711,26,23,0,541
2h,year_month,2021-08,581,18,0.03098106712564544,35,0.060240963855421686,18,17,0,546
2h,year_month,2021-09,563,25,0.04440497335701599,48,0.0852575488454707,25,23,0,515
2h,year_month,2021-10,580,35,0.0603448275862069,59,0.10172413793103448,35,24,0,521
2h,year_month,2021-11,569,10,0.01757469244288225,16,0.028119507908611598,10,6,0,553
2h,year_month,2021-12,558,2,0.0035842293906810036,4,0.007168458781362007,2,2,0,554
2h,year_month,2022-01,566,4,0.007067137809187279,5,0.0088339222614841,4,1,0,561
2h,year_month,2022-02,509,7,0.0137524557956778,10,0.019646365422396856,7,3,0,499
2h,year_month,2022-03,565,2,0.0035398230088495575,7,0.012389380530973451,2,5,0,558
2h,year_month,2022-04,558,31,0.05555555555555555,54,0.0967741935483871,31,23,0,504
2h,year_month,2022-05,587,17,0.028960817717206135,45,0.07666098807495741,17,28,0,542
2h,year_month,2022-06,547,23,0.04204753199268738,165,0.3016453382084095,18,147,5,377
2h,year_month,2022-07,583,17,0.029159519725557463,111,0.19039451114922812,10,101,7,465
2h,year_month,2022-08,580,17,0.029310344827586206,123,0.2120689655172414,10,113,7,450
2h,year_month,2022-09,547,32,0.05850091407678245,127,0.23217550274223034,28,99,4,416
2h,year_month,2022-10,568,20,0.035211267605633804,104,0.18309859154929578,14,90,6,458
2h,year_month,2022-11,549,9,0.01639344262295082,37,0.06739526411657559,8,29,1,511
2h,year_month,2022-12,307,2,0.006514657980456026,6,0.019543973941368076,1,5,1,300
2h,year_month,2023-01,576,2,0.003472222222222222,6,0.010416666666666666,0,6,2,568
2h,year_month,2023-02,527,2,0.003795066413662239,1,0.0018975332068311196,0,1,2,524
2h,year_month,2023-03,568,19,0.03345070422535211,40,0.07042253521126761,6,34,13,515
2h,year_month,2023-04,522,17,0.032567049808429116,62,0.11877394636015326,9,53,8,452
2h,year_month,2023-05,570,35,0.06140350877192982,126,0.22105263157894736,24,102,11,433
2h,year_month,2023-06,567,24,0.042328042328042326,118,0.20811287477954143,13,105,11,438
2h,year_month,2023-07,597,19,0.031825795644891124,132,0.22110552763819097,12,120,7,458
2h,year_month,2023-08,566,11,0.019434628975265017,79,0.13957597173144876,5,74,6,481
2h,year_month,2023-09,565,25,0.04424778761061947,166,0.2938053097345133,12,154,13,386
2h,year_month,2023-10,582,24,0.041237113402061855,78,0.13402061855670103,17,61,7,497
2h,year_month,2023-11,574,24,0.041811846689895474,58,0.10104529616724739,14,44,10,506
2h,year_month,2023-12,295,0,0.0,5,0.01694915254237288,0,5,0,290
2h,year_month,2024-01,595,5,0.008403361344537815,9,0.015126050420168067,2,7,3,583
2h,year_month,2024-02,553,3,0.0054249547920434,4,0.007233273056057866,1,3,2,547
2h,year_month,2024-03,603,8,0.013266998341625208,26,0.04311774461028192,3,23,5,572
2h,year_month,2024-04,572,16,0.027972027972027972,88,0.15384615384615385,9,79,7,477
2h,year_month,2024-05,596,29,0.04865771812080537,127,0.21308724832214765,16,111,13,456
2h,year_month,2024-06,578,26,0.04498269896193772,221,0.38235294117647056,16,205,10,347
2h,year_month,2024-07,601,19,0.03161397670549085,162,0.26955074875207985,11,151,8,431
2h,year_month,2024-08,591,29,0.049069373942470386,186,0.3147208121827411,24,162,5,400
2h,year_month,2024-09,557,19,0.03411131059245961,122,0.21903052064631956,11,111,8,427
2h,year_month,2024-10,585,29,0.04957264957264957,135,0.23076923076923078,23,112,6,444
2h,year_month,2024-11,586,15,0.025597269624573378,45,0.07679180887372014,10,35,5,536
2h,year_month,2024-12,570,7,0.012280701754385965,20,0.03508771929824561,2,18,5,545
2h,year_month,2025-01,589,3,0.0050933786078098476,2,0.003395585738539898,0,2,3,584
2h,year_month,2025-02,526,4,0.0076045627376425855,10,0.019011406844106463,2,8,2,514
2h,year_month,2025-03,558,7,0.012544802867383513,34,0.06093189964157706,6,28,1,523
2h,year_month,2025-04,506,17,0.03359683794466403,82,0.16205533596837945,7,75,10,414
2h,year_month,2025-05,578,39,0.06747404844290658,172,0.2975778546712803,26,146,13,393
2h,year_month,2025-06,586,18,0.030716723549488054,137,0.23378839590443687,10,127,8,441
2h,year_month,2025-07,602,23,0.03820598006644518,143,0.23754152823920266,11,132,12,447
2h,year_month,2025-08,588,17,0.02891156462585034,129,0.2193877551020408,11,118,6,453
2h,year_month,2025-09,543,13,0.02394106813996317,114,0.20994475138121546,6,108,7,422
2h,year_month,2025-10,571,20,0.03502626970227671,108,0.18914185639229422,14,94,6,457
2h,year_month,2025-11,567,9,0.015873015873015872,31,0.054673721340388004,8,23,1,535
2h,year_month,2025-12,578,0,0.0,1,0.0017301038062283738,0,1,0,577
3h,month_of_year,01,2314,12,0.005185825410544511,30,0.01296456352636128,3,27,9,2275
3h,month_of_year,02,2104,15,0.007129277566539924,27,0.012832699619771864,9,18,6,2071
3h,month_of_year,03,2269,34,0.01498457470251212,99,0.04363155575143235,14,85,20,2150
3h,month_of_year,04,2678,107,0.039955190440627335,344,0.128454070201643,88,256,19,2315
3h,month_of_year,05,2878,174,0.06045865184155664,603,0.20952050034746353,142,461,32,2243
3h,month_of_year,06,2818,138,0.048970901348474094,757,0.2686302342086586,86,671,52,2009
3h,month_of_year,07,2951,84,0.02846492714334124,593,0.20094883090477805,55,538,29,2329
3h,month_of_year,08,2858,89,0.0311406578026592,566,0.1980405878236529,62,504,27,2265
3h,month_of_year,09,2723,110,0.040396621373485125,613,0.22511935365405802,85,528,25,2085
3h,month_of_year,10,2856,119,0.041666666666666664,503,0.17612044817927172,97,406,22,2331
3h,month_of_year,11,2839,59,0.020781965480803098,203,0.07150405072208524,46,157,13,2623
3h,month_of_year,12,2293,11,0.004797208896641954,32,0.013955516790231139,4,28,7,2254
3h,year_month,2021-04,535,22,0.041121495327102804,45,0.08411214953271028,22,23,0,490
3h,year_month,2021-05,569,56,0.0984182776801406,92,0.1616871704745167,56,36,0,477
3h,year_month,2021-06,557,27,0.04847396768402154,50,0.08976660682226212,27,23,0,507
3h,year_month,2021-07,582,24,0.041237113402061855,46,0.07903780068728522,24,22,0,536
3h,year_month,2021-08,574,14,0.024390243902439025,36,0.0627177700348432,14,22,0,538
3h,year_month,2021-09,553,27,0.048824593128390596,52,0.09403254972875226,27,25,0,501
3h,year_month,2021-10,576,35,0.06076388888888889,63,0.109375,35,28,0,513
3h,year_month,2021-11,572,13,0.022727272727272728,17,0.02972027972027972,13,4,0,555
3h,year_month,2021-12,549,3,0.00546448087431694,5,0.009107468123861567,3,2,0,544
3h,year_month,2022-01,563,3,0.0053285968028419185,4,0.007104795737122558,3,1,0,559
3h,year_month,2022-02,508,7,0.013779527559055118,8,0.015748031496062992,7,1,0,500
3h,year_month,2022-03,568,0,0.0,5,0.008802816901408451,0,5,0,563
3h,year_month,2022-04,559,33,0.059033989266547404,50,0.08944543828264759,33,17,0,509
3h,year_month,2022-05,581,16,0.027538726333907058,47,0.08089500860585198,16,31,0,534
3h,year_month,2022-06,537,31,0.05772811918063315,174,0.3240223463687151,22,152,9,354
3h,year_month,2022-07,582,16,0.027491408934707903,122,0.20962199312714777,7,115,9,451
3h,year_month,2022-08,570,15,0.02631578947368421,131,0.22982456140350876,10,121,5,434
3h,year_month,2022-09,536,26,0.048507462686567165,138,0.2574626865671642,20,118,6,392
3h,year_month,2022-10,553,20,0.03616636528028933,95,0.1717902350813743,12,83,8,450
3h,year_month,2022-11,549,9,0.01639344262295082,40,0.07285974499089254,7,33,2,507
3h,year_month,2022-12,308,2,0.006493506493506494,4,0.012987012987012988,0,4,2,302
3h,year_month,2023-01,579,3,0.0051813471502590676,7,0.012089810017271158,0,7,3,569
3h,year_month,2023-02,527,2,0.003795066413662239,1,0.0018975332068311196,0,1,2,524
3h,year_month,2023-03,561,19,0.0338680926916221,43,0.0766488413547237,8,35,11,507
3h,year_month,2023-04,512,18,0.03515625,56,0.109375,9,47,9,447
3h,year_month,2023-05,556,32,0.05755395683453238,143,0.25719424460431656,23,120,9,404
3h,year_month,2023-06,562,25,0.04448398576512456,142,0.2526690391459075,7,135,18,402
3h,year_month,2023-07,590,16,0.02711864406779661,131,0.22203389830508474,10,121,6,453
3h,year_month,2023-08,551,13,0.023593466424682397,78,0.14156079854809436,6,72,7,466
3h,year_month,2023-09,563,27,0.047957371225577264,174,0.30905861456483125,19,155,8,381
3h,year_month,2023-10,586,14,0.023890784982935155,92,0.15699658703071673,11,81,3,491
3h,year_month,2023-11,570,19,0.03333333333333333,64,0.11228070175438597,12,52,7,499
3h,year_month,2023-12,294,0,0.0,3,0.01020408163265306,0,3,0,291
3h,year_month,2024-01,594,4,0.006734006734006734,15,0.025252525252525252,0,15,4,575
3h,year_month,2024-02,543,5,0.009208103130755065,8,0.014732965009208104,2,6,3,532
3h,year_month,2024-03,593,10,0.016863406408094434,24,0.04047217537942664,4,20,6,563
3h,year_month,2024-04,567,17,0.029982363315696647,104,0.18342151675485008,13,91,4,459
3h,year_month,2024-05,602,33,0.054817275747508304,148,0.24584717607973422,21,127,12,442
3h,year_month,2024-06,580,30,0.05172413793103448,246,0.4241379310344828,19,227,11,323
3h,year_month,2024-07,602,11,0.018272425249169437,171,0.2840531561461794,6,165,5,426
3h,year_month,2024-08,582,30,0.05154639175257732,187,0.32130584192439865,22,165,8,387
3h,year_month,2024-09,541,20,0.036968576709796676,129,0.23844731977818853,14,115,6,406
3h,year_month,2024-10,583,29,0.04974271012006861,143,0.24528301886792453,24,119,5,435
3h,year_month,2024-11,587,13,0.022146507666098807,51,0.0868824531516184,11,40,2,534
3h,year_month,2024-12,566,6,0.01060070671378092,15,0.026501766784452298,1,14,5,546
3h,year_month,2025-01,578,2,0.0034602076124567475,4,0.006920415224913495,0,4,2,572
3h,year_month,2025-02,526,1,0.0019011406844106464,10,0.019011406844106463,0,10,1,515
3h,year_month,2025-03,547,5,0.009140767824497258,27,0.04936014625228519,2,25,3,517
3h,year_month,2025-04,505,17,0.033663366336633666,89,0.17623762376237623,11,78,6,410
3h,year_month,2025-05,570,37,0.06491228070175438,173,0.30350877192982456,26,147,11,386
3h,year_month,2025-06,582,25,0.0429553264604811,145,0.24914089347079038,11,134,14,423
3h,year_month,2025-07,595,17,0.02857142857142857,123,0.20672268907563024,8,115,9,463
3h,year_month,2025-08,581,17,0.029259896729776247,134,0.2306368330464716,10,124,7,440
3h,year_month,2025-09,530,10,0.018867924528301886,120,0.22641509433962265,5,115,5,405
3h,year_month,2025-10,558,21,0.03763440860215054,110,0.1971326164874552,15,95,6,442
3h,year_month,2025-11,561,5,0.008912655971479501,31,0.05525846702317291,3,28,2,528
3h,year_month,2025-12,576,0,0.0,5,0.008680555555555556,0,5,0,571
